Address,Bedrooms,Bathrooms,Agent Name,Building,Price,Organization,Area Code,Phone Number,Property Type
"Lot 2 PORTER ROAD|Smiths Falls, Ontario K7A4S6",3 + 0,2,Tom Barker,House,"$684,900",ROYAL LEPAGE TEAM REALTY,613,298-5510,"$684,900"
"29A VIRGIL ROAD|Nepean, Ontario K2H6B6",4 + 0,3,Lisa Hiemstra,House,"$699,900",PURPLEBRICKS,866,336-9637,"$699,900"
"20A TADLEY PRIVATE|Nepean, Ontario K2J2T3",2 + 0,2,Lisa Hiemstra,House,"$464,900",PURPLEBRICKS,866,336-9637,"$464,900"
"110 CORTILE PRIVATE UNIT#102|Ottawa, Ontario K1V2S8",2 + 0,2,Trevor Mayhew,Apartment,"$579,900",CENTURY 21 SYNERGY REALTY INC.,613,868-0755,"$579,900"
"Lot 49 BATHURST CONCESSION 6 ROAD|Perth, Ontario K7H3L9",3 + 0,1,Tom Barker,House,"$599,900",ROYAL LEPAGE TEAM REALTY,613,298-5510,"$599,900"
"11 BOYDS LANDING LANE|Merrickville, Ontario K0G1N0",,0,Robin Chinkiwsky,,"$1,695,000",3.5 REALTY LTD.,613,269-2222,"$1,695,000"
"657 Ch. du 6e-Rang|Gatineau (Gatineau), Quebec J8R3A5",3,1,Mélanie Cyr,House,"$424,900",RE/MAX VISION,819,246-0969,"$424,900"
"11 BOYDS LANDING LANE|Merrickville, Ontario K0G1N0",2 + 0,2,Robin Chinkiwsky,House,"$1,695,000",3.5 REALTY LTD.,613,269-2222,"$1,695,000"
"1216 WILLOWDALE AVENUE|Ottawa, Ontario K1H7S6",,0,Jillian Jarvis,,"$880,000",ROYAL LEPAGE TEAM REALTY,613,850-4663,"$880,000"
"1 1re Rue|Gatineau (Gatineau), Quebec J8V3Z1",3,1,Michael Monette,Mobile Home,"$99,900",RE/MAX DIRECT INC. - Gatineau,613,447-4403,"$99,900"
"364 Boul. St-René O.|Gatineau (Gatineau), Quebec J8P2W2",3,1,Véronique Lacroix,House,"$319,900",FLASH IMMOBILIER INC./FLASH REAL ESTATE INC.,819,921-3105,"$319,900"
"1216 WILLOWDALE AVENUE|Ottawa, Ontario K1H7S6",3 + 0,2,Jillian Jarvis,House,"$880,000",ROYAL LEPAGE TEAM REALTY,613,850-4663,"$880,000"
"Lot 6 PINERY ROAD|Montague, Ontario K7A4S6",3 + 0,2,Rob Anderson,House,"$644,900",RE/MAX AFFILIATES REALTY LTD.,613,229-9800,"$644,900"
"Lot 19 NOLANS ROAD|Montague, Ontario K7C4P2",3 + 0,2,Rob Anderson,House,"$834,900",RE/MAX AFFILIATES REALTY LTD.,613,229-9800,"$834,900"
"1105 IRENE PLACE|Ottawa, Ontario K4M1E9",3 + 0,2,Franco Ippolito,House,"$799,988",RE/MAX HALLMARK REALTY GROUP,613,222-1633,"$799,988"
"12 Imp. des Iris|Gatineau (Gatineau), Quebec J8R2C1",,,Jean-Yves Plouffe,,"$199,900",RE/MAX VISION - Hull,819,328-3683,"$199,900"
"199 Rue du Châtelet|Gatineau (Masson-Angers), Quebec J8M1X3",3,1,Jacques Brouillette,House,"$279,900",Century 21 ® Élite,819,360-7944,"$279,900"
"Lot 4 PINERY ROAD|Montague, Ontario K7C4P2",3 + 0,2,Rob Anderson,House,"$739,900",RE/MAX AFFILIATES REALTY LTD.,613,229-9800,"$739,900"
"Lot 44 NOLANS ROAD|Montague, Ontario K7C4P2",3 + 0,2,Rob Anderson,House,"$709,900",RE/MAX AFFILIATES REALTY LTD.,613,229-9800,"$709,900"
"Lot 3 RODNEY LANE|Winchester, Ontario K0A2M0",,0,Jeffrey Usher,,"$150,000",GRAPE VINE REALTY INC.,613,829-1000,"$150,000"
"710 GUARDIAN GROVE|Ottawa, Ontario K1X0B2",3 + 0,3,Tieseer Alzubi,Row / Townhouse,"$699,900",INNOVATION REALTY LTD.,613,276-5883,"$699,900"
"7 BETHUNE WAY|Kanata, Ontario K2K1C1",3 + 0,3,Joey Abrams,Row / Townhouse,"$399,900",ROYAL LEPAGE PERFORMANCE REALTY,613,606-6406,"$399,900"
"515 Boul. de la Gappe|#303|Gatineau (Gatineau), Quebec J8T8R8",2,1,Roch St Jacques,Apartment,"$284,900",RE/MAX DIRECT INC. - Gatineau,819,213-4740,"$284,900"
"141 CRANESBILL ROAD|Stittsville, Ontario K2V0J4",4 + 0,3,Andrea Zhang,Row / Townhouse,"$649,000",ESTEEM REALTY INC.,613,878-8177,"$649,000"
"1016 CEDAR CREEK DRIVE|Ottawa, Ontario K1X0G4",3 + 0,3,Dulaksha Herath,Row / Townhouse,"$569,000",RIGHT AT HOME REALTY INC.,613,851-5279,"$569,000"
"807 LONGFIELDS DRIVE|Ottawa, Ontario K2J5N2",0 + 2,3,Philip Parnanzone,House,"$349,900",BLUE PANDA REALTY INC.,613,795-7804,"$349,900"
"COUNTY ROAD 20 ROAD|Oxford Station, Ontario K0G1T0",,0,Jaime Peca,,"$250,000",RE/MAX AFFILIATES REALTY LTD.,613,326-1818,"$250,000"
"133 BROADWAY AVENUE|Ottawa, Ontario K1S2V7",4 + 0,2,Stephanie Cartwright,House,"$1,165,000",ENGEL & VOLKERS OTTAWA CENTRAL,613,296-6708,"$1,165,000"
"3700 UPPER DWYER HILL ROAD|Ottawa, Ontario K0A2H0",2 + 2,3,Terri Patton,House,"$599,999",KELLER WILLIAMS INTEGRITY REALTY,613,805-3555,"$599,999"
"158 HERRIOTT STREET|Carleton Place, Ontario K7C2A9",3 + 0,1,Robin Ferrill,House,"$394,900",COLDWELL BANKER HERITAGE WAY REALTY INC.,613,222-1489,"$394,900"
"579 WILD SHORE CRESCENT|Ottawa, Ontario K1V1T4",3 + 0,2,Rahim Rasooli,Row / Townhouse,"$619,900",RE/MAX HALLMARK REALTY GROUP,613,853-3587,"$619,900"
"472 ARORA CRESCENT|Winchester, Ontario K0C2K0",3 + 0,3,Ross Tavel,House,"$699,000",RE/MAX ABSOLUTE REALTY INC.,613,218-2400,"$699,000"
"152 Boul. de Lucerne|#101|Gatineau (Hull), Quebec J9A3V8",2,1,Stéphane Chénier,Apartment,"$350,000",Royal LePage Vallée de l'Outaouais,819,210-7126,"$350,000"
"1431 Boul. Maloney E.|Gatineau (Gatineau), Quebec J8P1J7",4,1,Dominic LeSieur,House,"$289,900",RE/MAX VISION,819,930-1191,"$289,900"
"4354 WELDON DRIVE|Ottawa, Ontario K1J8R2",3 + 0,2,Philippe Major,Row / Townhouse,"$364,000",ROYAL LEPAGE PERFORMANCE REALTY,613,314-9547,"$364,000"
"849 MONTCREST DRIVE|Ottawa, Ontario K4A3C2",4 + 0,3,Pierre Acouri,House,"$749,900",RE/MAX HALLMARK REALTY GROUP,613,266-3355,"$749,900"
"89 Rue du Carcajou|Gatineau (Aylmer), Quebec J9J0X7",3,2,Natacha Paquette,House,"$399,900",RE/MAX DIRECT INC.,819,593-3473,"$399,900"
"2718 DUPONT STREET|Ottawa, Ontario K1V8N3",1 + 3,3,Perry Paul,House,"$1,149,000",COLDWELL BANKER FIRST OTTAWA REALTY,613,859-7037,"$1,149,000"
"20 ACKLAM TERRACE|Kanata, Ontario K2K2G9",3 + 0,2,Dan Orr,House,"$639,900",RE/MAX HALLMARK REALTY GROUP,613,277-5058,"$639,900"
"402 COUNTRY STREET|Almonte, Ontario K0A1A0",3 + 0,2,Robin Ferrill,House,"$619,900",COLDWELL BANKER HERITAGE WAY REALTY INC.,613,222-1489,"$619,900"
"50 PORTER STREET|Stittsville, Ontario K2S2L9",3 + 0,3,Susan Frendt,Row / Townhouse,"$699,000",COLDWELL BANKER FIRST OTTAWA REALTY,613,985-4205,"$699,000"
"1245 SURREY AVENUE|Ottawa, Ontario K1V6T1",2 + 0,2,Rhys Williams,House,"$399,900",CENTURY 21 SYNERGY REALTY INC,613,261-3573,"$399,900"
"1106 TAFFY LANE|Ottawa, Ontario K1C1Y5",3 + 0,2,Jenna Swinwood,House,"$500,000",RE/MAX HALLMARK JENNA & CO. GROUP REALTY,613,699-2079,"$500,000"
"636 MUTUAL STREET|Ottawa, Ontario K1K3S4",,0,Paul J. McLaughlin,,"$399,000",FIRST CHOICE REALTY ONTARIO LTD.,613,277-6303,"$399,000"
"6173 VINEYARD DRIVE|Orleans, Ontario K1C2N7",3 + 0,3,Yetta (Jette) Dekker,House,"$630,000",SOLID ROCK REALTY,613,860-4663,"$630,000"
"62 WOODROFFE AVENUE|Ottawa, Ontario K2A3T6",3 + 0,3,Christopher Avalos,House,"$799,900",EXP REALTY,613,853-9431,"$799,900"
"2871 RICHMOND ROAD UNIT#716|Ottawa, Ontario K2B8M5",2 + 0,2,Ross Tavel,Apartment,"$289,900",RE/MAX ABSOLUTE REALTY INC.,613,218-2400,"$289,900"
"830 LAWNSBERRY DRIVE|Orleans, Ontario K1E1X7",3 + 0,2,Mario Cyr,House,"$499,000",RE/MAX HALLMARK REALTY GROUP,613,677-0588,"$499,000"
"150 Rue Alexandre|Thurso, Quebec J0X3B0",5,2,Joëlle Lafrance,House,"$539,900",RE/MAX VISION,819,923-9558,"$539,900"
"1380 PRINCE OF WALES DRIVE UNIT#106|Ottawa, Ontario K2C3N5",3 + 0,1,Heidi Aguilar Romero,Apartment,"$339,900",EXP REALTY,613,889-8867,"$339,900"
"180 YORK STREET UNIT#306|Ottawa, Ontario K1N1J6",1 + 0,1,Kevin Saunders,Apartment,"$339,900",TRU REALTY,613,299-7100,"$339,900"
"#1501 -1285 CAHILL DR|Ottawa, Ontario K1V9A7",2,1,MENA BISHAY,Apartment,"$299,900",INSIDER REALTY,416,549-5070,"$299,900"
"273 Rue des Becs-Scie|Gatineau (Masson-Angers), Quebec J8M0C3",3,1,Jean-Michel Brisebois,House,"$399,900",FLASH IMMOBILIER INC./FLASH REAL ESTATE INC.,819,918-8858,"$399,900"
"808 CLAUDE STREET|Ottawa, Ontario K1K3S4",4 + 0,3,Paul J. McLaughlin,House,"$785,000",FIRST CHOICE REALTY ONTARIO LTD.,613,277-6303,"$785,000"
"615 CLOTHIER STREET|Kemptville, Ontario K0G1J0",2 + 2,2,Melissa Hamilton,House,"$525,000",INNOVATION REALTY LTD.,613,227-1670,"$525,000"
"9 BANNER ROAD UNIT#E|Ottawa, Ontario K2H8T3",2 + 1,2,Jun Yu,Row / Townhouse,"$319,900",COLDWELL BANKER SARAZEN REALTY,613,850-8888,"$319,900"
"14 NORICE STREET UNIT#104|Ottawa, Ontario K2G2X4",1 + 0,2,Meghan Kennedy,Apartment,"$350,000",FIRST CHOICE REALTY ONTARIO LTD.,613,203-2348,"$350,000"
"504 BOUNDARY ROAD|Mountain, Ontario K0E1S0",2 + 0,2,Antonella Holmes,House,"$485,000",ROYAL LEPAGE TEAM REALTY,613,769-1516,"$485,000"
"484-486 GLADSTONE STREET|Winchester, Ontario K0C2K0",5 + 2,2,Antonella Holmes,House,"$424,900",ROYAL LEPAGE TEAM REALTY,613,769-1516,"$424,900"
"461 Rue de Cannes|#301|Gatineau (Gatineau), Quebec J8V4E6",2,1,Josée Savoie,Apartment,"$365,000",VIA CAPITALE DIAMANT,819,360-1834,"$365,000"
"907 5e Rang O.|Lochaber-Partie-Ouest, Quebec J0X3B0",3,1,Michel Godbout,House,"$699,900",PROPRIO DIRECT,819,360-7709,"$699,900"
"747 RIVER ROAD|Burritts Rapids, Ontario K0G1J0",3 + 0,3,James Wright,House,"$1,595,000",ROYAL LEPAGE TEAM REALTY,613,692-0606,"$1,595,000"
"808 SHASTA STREET|Ottawa, Ontario K1T0L3",4 + 0,3,Alenka Patapovich,House,"$899,900",RIGHT AT HOME REALTY INC.,613,884-6899,"$899,900"
"11 WEST HERRINGTON COURT|Ottawa, Ontario K2H6B9",3 + 1,2,Jennifer Petric,House,"$899,900",ROYAL LEPAGE TEAM REALTY,613,889-5555,"$899,900"
"4486 HARPER AVENUE|Ottawa, Ontario K1J1E1",0 + 2,2,Terry Cayen,House,"$449,900",ROYAL LEPAGE TEAM REALTY,613,794-6873,"$449,900"
"700 MALEY STREET|Kemptville, Ontario K0G1J0",3 + 0,3,Jill Dulmage,House,"$549,900",ROYAL LEPAGE TEAM REALTY,613,620-0011,"$549,900"
"517 DEVONWOOD CIRCLE|Ottawa, Ontario K1T4E4",3 + 0,3,Shabby Nabipour,Row / Townhouse,"$599,900",IDEAL PROPERTIES REALTY,613,709-9070,"$599,900"
"159 MCCLINTOCK WAY|Ottawa, Ontario K2L2A5",3 + 0,2,Michael Romain,Row / Townhouse,"$359,900",FIRST CHOICE REALTY ONTARIO LTD.,613,277-1598,"$359,900"
"300 EVERGLADE WAY|Ottawa, Ontario K2M2R7",3 + 0,3,Abhishek Bhateja,House,"$699,900",ROYAL LEPAGE TEAM REALTY,613,863-3132,"$699,900"
"638 BLUEGILL AVENUE|Nepean, Ontario K2J5Y8",4 + 0,3,Miguel Levesque,Row / Townhouse,"$649,900",ONE PERCENT REALTY LTD.,613,219-6008,"$649,900"
"53 MOONBEAM STREET|Ottawa, Ontario K2J0K6",3 + 0,3,Shauna Moran,House,"$769,900",RE/MAX AFFILIATES BOARDWALK,613,868-9898,"$769,900"
"863 Boul. Wilfrid-Lavigne|Gatineau (Aylmer), Quebec J9J1Z2",4,2,Joanna Jasinska,House,"$445,000",RE/MAX VISION - Hull,819,351-5151,"$445,000"
"130 Ch. Fraser|#A|Gatineau (Aylmer), Quebec J9H3W7",2,1,Julie Séguin,Apartment,"$299,900",RE/MAX DIRECT INC.,819,923-7687,"$299,900"
"120 Ch. Fraser|#A|Gatineau (Aylmer), Quebec J9H0G8",2,1,Marty Waite,Apartment,"$299,900",RE/MAX DIRECT INC.,819,665-0033,"$299,900"
"884 Ch. Filion|L'Ange-Gardien, Quebec J8L0H4",4,1,Mélanie Séguin,House,"$299,900",RE/MAX VISION,819,210-2191,"$299,900"
"474 LAWLER CRESCENT|Ottawa, Ontario K4A3Y4",3 + 0,2,Matt Carkner,Row / Townhouse,"$484,500",RE/MAX DELTA REALTY TEAM,613,862-0862,"$484,500"
"1697 HARVEST CRESCENT|Ottawa, Ontario K1C1V3",4 + 0,2,Julie Serre-Matthews,Row / Townhouse,"$559,900",SUTTON GROUP - OTTAWA REALTY,613,806-4663,"$559,900"
"3719 WOODKILTON ROAD|Dunrobin, Ontario K0A3M0",,0,Hamid Riahi,,"$1,399,000",POWER MARKETING REAL ESTATE INC.,613,860-7355,"$1,399,000"
"3719 WOODKILTON ROAD|Dunrobin, Ontario K0A3M0",5 + 0,2,Hamid Riahi,House,"$1,399,000",POWER MARKETING REAL ESTATE INC.,613,860-7355,"$1,399,000"
"3815 NAVAN ROAD|Navan, Ontario K4B1H9",3 + 0,1,Josee Leger,House,"$599,000",GRAPE VINE REALTY INC.,613,668-5174,"$599,000"
"1433 WELLINGTON STREET W UNIT#503|Ottawa, Ontario K1Y2X4",2 + 0,2,Amy McGuire,Apartment,"$539,900",SUTTON GROUP - OTTAWA REALTY,613,883-6742,"$539,900"
"109 ROMINA STREET|Ottawa, Ontario K2S0H8",3 + 0,3,Josh West,Row / Townhouse,"$579,900",KELLER WILLIAMS INTEGRITY THE WEST TEAM REALTY,613,282-5674,"$579,900"
"149 OVERBERG WAY|Ottawa, Ontario K2S0V8",4,3,MUHAMMAD YAHYA,Row / Townhouse,"$724,900",PROPERTY.CA INC.,416,583-1660,"$724,900"
"1401 LOWEN DRIVE|Ottawa, Ontario K1V1H3",3 + 0,1,James Wright,House,"$799,000",ROYAL LEPAGE TEAM REALTY,613,692-0606,"$799,000"
"1279 Rue des Hirondelles|Gatineau (Gatineau), Quebec J8R1A5",3,2,Nicole Létourneau,House,"$349,900",Royal LePage Vallée de l'Outaouais,819,319-3383,"$349,900"
"83 Rue Sherbrooke|Gatineau (Hull), Quebec J8Y2L2",3,1,Maxime Rosarion,House,"$389,900",VIA CAPITALE DIAMANT,819,360-2142,"$389,900"
"24 Rue Papineau|Gatineau (Hull), Quebec J8X1T0",1,1,René La Salle,Duplex,"$449,900",Royal LePage Vallée de l'Outaouais,819,664-3163,"$449,900"
"1825 MARSALA CRESCENT UNIT#104|Orleans, Ontario K4A2E6",1 + 0,1,Abdul Laayar,House,"$319,900",PURPLEBRICKS,866,336-9637,"$319,900"
"55 B TAUVETTE STREET|Ottawa, Ontario K1B3A2",4 + 0,2,Barb Paquette,House,"$495,000",ROYAL LEPAGE PERFORMANCE REALTY,613,834-8855,"$495,000"
"926 MOSES TENNISCO STREET|Ottawa, Ontario K1K4Z9",3 + 0,3,Anh Kim Tran,Row / Townhouse,"$674,900",RE/MAX HALLMARK REALTY GROUP,613,236-5959,"$674,900"
"7795 FLEWELLYN ROAD|Ottawa, Ontario K0A1B0",3 + 0,3,Elizabeth Laplante,House,"$839,700",CENTURY 21 SYNERGY REALTY INC.,613,266-0641,"$839,700"
"1401 LOWEN DRIVE|Ottawa, Ontario K1V1H3",3 + 0,1,James Wright,House,"$799,000",ROYAL LEPAGE TEAM REALTY,613,692-0606,"$799,000"
"476 ST PIERRE ROAD|Vars, Ontario K0A3H0",3 + 1,3,Claudette Leduc,House,"$1,299,900",CENTURY 21 ACTION POWER TEAM LTD.,613,371-3871,"$1,299,900"
"26 KYLE AVENUE|Ottawa, Ontario K2S1G9",5 + 0,4,Josh West,House,"$989,000",KELLER WILLIAMS INTEGRITY THE WEST TEAM REALTY,613,282-5674,"$989,000"
"1248 ANOKA STREET|Ottawa, Ontario K1V6C6",3 + 0,4,Mike Robinson,House,"$750,000",ROYAL LEPAGE TEAM REALTY,613,791-2550,"$750,000"
"300C LETT STREET UNIT#615|Ottawa, Ontario K1R0A8",2 + 0,2,Anna Ostapyk,Apartment,"$799,900",RE/MAX HALLMARK REALTY GROUP,613,227-8410,"$799,900"
"2630 SOUTHVALE CRESCENT UNIT#515|Ottawa, Ontario K1B4S8",2 + 0,2,Guy Lacroix,Apartment,"$299,900",DETAILS REALTY INC.,613,850-3592,"$299,900"
"75 WINGOVER PRIVATE|Carp, Ontario K0A1L0",2 + 0,2,Jordan Goodfellow,House,"$674,900",ROYAL LEPAGE TEAM REALTY,613,408-6961,"$674,900"
"92 BROUGHTON STREET|Kanata, Ontario K2K3N4",4 + 0,4,Nim Moussa,House,"$1,099,000",RE/MAX HALLMARK REALTY GROUP,613,298-6461,"$1,099,000"
"1332 ESSEX STREET|Ottawa, Ontario K1H7P2",3 + 0,2,Ben Racicot,House,"$600,000",ROYAL LEPAGE TEAM REALTY,613,291-8552,"$600,000"
"8471 MARIONVILLE ROAD|Winchester, Ontario K0C2K0",4 + 0,3,Linda Williams,House,"$648,800",ROYAL LEPAGE TEAM REALTY,613,297-3705,"$648,800"
"42 SADDLEHORN CRESCENT|Kanata, Ontario K2M2A9",3 + 0,2,Mike Robinson,House,"$650,000",ROYAL LEPAGE TEAM REALTY,613,791-2550,"$650,000"
"400 HARVEST VALLEY AVENUE|Orleans, Ontario K4A0V6",0 + 2,2,Teresa Whitmore,House,"$399,900",RE/MAX HALLMARK REALTY GROUP,613,899-4776,"$399,900"
"654 Boul. Labrosse|Gatineau (Gatineau), Quebec J8R2S5",,,Mathieu Arseneault,,"$99,900",RE/MAX DIRECT INC. - Gatineau,819,664-0629,"$99,900"
"2951 BIRCHGROVE ROAD|Cumberland, Ontario K0A3E0",3 + 1,2,David Darling,House,"$899,900",RE/MAX DELTA REALTY TEAM,613,866-2252,"$899,900"
"4347 INNES ROAD|Ottawa, Ontario K1C1T1",,0,Akram Syed,,"$1,200,000",ROYAL STAR REALTY INC.,613,276-0398,"$1,200,000"
"1139-1135 Rue Jacques-Cartier|Gatineau (Gatineau), Quebec J8T2W3",3,1,Guillaume Venne,House,"$529,000",RE/MAX VISION,819,208-7557,"$529,000"
"216 LEATHER LEAF TERRACE|Ottawa, Ontario K2J5Z7",2 + 0,4,Christopher Hollands,Row / Townhouse,"$549,900",RE/MAX HALLMARK REALTY GROUP,613,797-3977,"$549,900"
"516 GALMOY WAY|Ottawa, Ontario K2J6V1",2 + 0,2,Trevor Mayhew,Row / Townhouse,"$498,000",CENTURY 21 SYNERGY REALTY INC.,613,868-0755,"$498,000"
"216 LEATHER LEAF TERRACE|Ottawa, Ontario K2J5Z7",2 + 0,4,Christopher Hollands,Row / Townhouse,"$549,900",RE/MAX HALLMARK REALTY GROUP,613,797-3977,"$549,900"
"139 BRIDGESTONE DRIVE|Ottawa, Ontario K2M0A6",3 + 0,3,Dennis Tarrant,Row / Townhouse,"$624,900",ROYAL LEPAGE TEAM REALTY,613,875-9714,"$624,900"
"20 Rue Walker|Gatineau (Buckingham), Quebec J8L3Y7",3,2,Judith Poirier-Vannier,House,"$319,900",RE/MAX DIRECT INC. - Gatineau,819,210-6027,"$319,900"
"203 CATHERINE STREET UNIT#515|Ottawa, Ontario K2P1C3",1 + 0,1,Brad J. Lamb,Apartment,"$499,900",BRAD J. LAMB REALTY INC.,416,368-5262,"$499,900"
"273 ENCLAVE WALK|Ottawa, Ontario K1W0J5",3 + 0,3,Steven Saab,House,"$799,000",FIRST CHOICE REALTY ONTARIO LTD.,613,863-5886,"$799,000"
"1936 HEATHERWOOD DRIVE|Ottawa, Ontario K1W1C3",3 + 0,4,Irene Bilinski,House,"$699,900",RE/MAX HALLMARK REALTY GROUP,613,858-1151,"$699,900"
"111 CHAMPAGNE AVENUE S UNIT#1810|Ottawa, Ontario K1S5V3",1 + 0,1,Sarah Hunter,Apartment,"$399,900",ENGEL & VOLKERS OTTAWA CENTRAL,613,889-0171,"$399,900"
"102 MAYER STREET|Limoges, Ontario K0A2M0",3 + 0,3,Barbara Koch,House,"$585,000",BULAT REALTY INC.,613,858-1919,"$585,000"
"50 FAIR OAKS CRESCENT|Nepean, Ontario K2G0W5",3 + 0,2,Kim Vo,House,"$575,000",ROYAL LEPAGE TEAM REALTY,613,255-2128,"$575,000"
"300 FENERTY COURT UNIT#1|Ottawa, Ontario K2L3A8",0 + 3,2,Lisa Bertrand,House,"$349,900",RE/MAX HALLMARK REALTY GROUP,613,266-4496,"$349,900"
"135 SWITCH GRASS CRESCENT|Ottawa, Ontario K2J5Z3",4 + 0,3,Dimitrios Kalogeropoulos,House,"$699,880",ROYAL LEPAGE TEAM REALTY AGENT DK,613,883-8823,"$699,880"
"203 CATHERINE STREET UNIT#515|Ottawa, Ontario K2P1C3",1 + 0,1,Brad J. Lamb,Apartment,"$499,900",BRAD J. LAMB REALTY INC.,416,368-5262,"$499,900"
"102 MAYER STREET|Limoges, Ontario K0A2M0",3 + 0,3,Barbara Koch,House,"$585,000",BULAT REALTY INC.,613,858-1919,"$585,000"
"50 FAIR OAKS CRESCENT|Nepean, Ontario K2G0W5",3 + 0,2,Kim Vo,House,"$575,000",ROYAL LEPAGE TEAM REALTY,613,255-2128,"$575,000"
"111 CHAMPAGNE AVENUE S UNIT#1810|Ottawa, Ontario K1S5V3",1 + 0,1,Sarah Hunter,Apartment,"$399,900",ENGEL & VOLKERS OTTAWA CENTRAL,613,889-0171,"$399,900"
"203 CATHERINE STREET UNIT#1109|Ottawa, Ontario K2P1C3",2 + 0,1,Brad J. Lamb,Apartment,"$449,900",BRAD J. LAMB REALTY INC.,416,368-5262,"$449,900"
"203 CATHERINE STREET UNIT#1407|Ottawa, Ontario K2P1C3",2 + 0,2,Brad J. Lamb,Apartment,"$739,900",BRAD J. LAMB REALTY INC.,416,368-5262,"$739,900"
"1042 ARNOT ROAD|Ottawa, Ontario K2C0H4",4 + 0,3,Cathie Lively,House,"$639,900",ROYAL LEPAGE TEAM REALTY,613,723-5300,"$639,900"
"3153 NINTH CONCESSION NORTH ROAD|Pakenham, Ontario K0A2X0",3 + 0,2,Donna Defalco,House,"$424,900",COLDWELL BANKER VALLEY WIDE REAL ESTATE LTD,613,979-2601,"$424,900"
"2070 8TH LINE ROAD|Metcalfe, Ontario K0A2P0",3 + 1,4,Ron Corbett,House,"$1,149,900",PURPLEBRICKS,866,336-9637,"$1,149,900"
"10 WESTCHESTER COURT|Ottawa, Ontario K2J3P9",4 + 0,3,Melanie Wright,House,"$789,900",ROYAL LEPAGE TEAM REALTY,613,769-6113,"$789,900"
"2301 SUMMERSIDE DRIVE|Ottawa, Ontario K4M1B4",4 + 0,3,Charles Sezlik,House,"$1,439,000",ROYAL LEPAGE TEAM REALTY,613,744-6697,"$1,439,000"
"102 SUNVALE WAY|Ottawa, Ontario K2G6X4",3 + 0,3,Rachel Hammer,Row / Townhouse,"$519,900",ROYAL LEPAGE TEAM REALTY HAMMER & ASSOC.,613,369-8314,"$519,900"
"42 Imp. des Lilas|#4|Gatineau (Hull), Quebec J9A2S9",2,1,Jimmy Arseneault,Apartment,"$189,800",RE/MAX VISION,819,664-7755,"$189,800"
"203 CATHERINE STREET UNIT#1109|Ottawa, Ontario K2P1C3",2 + 0,1,Brad J. Lamb,Apartment,"$449,900",BRAD J. LAMB REALTY INC.,416,368-5262,"$449,900"
"203 CATHERINE STREET UNIT#1407|Ottawa, Ontario K2P1C3",2 + 0,2,Brad J. Lamb,Apartment,"$739,900",BRAD J. LAMB REALTY INC.,416,368-5262,"$739,900"
"42 Rue MacLachlan|Gatineau (Buckingham), Quebec J8L3R9",3,2,Daniel Daignault,House,"$419,900",RE/MAX VISION - Hull,819,319-9191,"$419,900"
"203 CATHERINE STREET UNIT#905|Ottawa, Ontario K2P1J5",1 + 0,1,Brad J. Lamb,Apartment,"$489,900",BRAD J. LAMB REALTY INC.,416,368-5262,"$489,900"
"203 CATHERINE STREET UNIT#1501|Ottawa, Ontario K2P1C3",1 + 0,1,Brad J. Lamb,Apartment,"$519,900",BRAD J. LAMB REALTY INC.,416,368-5262,"$519,900"
"360 MCLEOD STREET UNIT#704|Ottawa, Ontario K2P1A9",1 + 0,1,Maha Shahbazian,Apartment,"$419,900",RE/MAX HALLMARK REALTY GROUP,613,862-6242,"$419,900"
"39 SANDHURST COURT|Ottawa, Ontario K1V9W9",4 + 0,3,Janda Shamess,House,"$699,900",PURPLEBRICKS,866,336-9637,"$699,900"
"4 WESLOCK WAY UNIT#A|Ottawa, Ontario K2K3L5",3 + 0,3,Lei Guo,Row / Townhouse,"$728,000",ROYAL LEPAGE TEAM REALTY,613,986-7089,"$728,000"
"1592 ROSEBELLA AVENUE|Ottawa, Ontario K1T1G1",3 + 2,4,Anne Winch,House,"$869,000",KELLER WILLIAMS INTEGRITY REALTY,613,277-2663,"$869,000"
"1589 ST BERNARD STREET UNIT#208|Ottawa, Ontario K1T3H7",2 + 0,2,Michael Baron,House,"$310,000",ENGEL & VOLKERS OTTAWA CENTRAL,613,324-3755,"$310,000"
"29 ABACA WAY|Ottawa, Ontario K2S2C4",3 + 0,2,Chris Heard,Row / Townhouse,"$500,000",RE/MAX ABSOLUTE REALTY INC.,613,558-3383,"$500,000"
"1313 HILLY LANE|Kemptville, Ontario K0G1J0",2 + 0,1,Jeff Matheson,House,"$429,000",EXP REALTY,613,404-5700,"$429,000"
"6101 FIRST LINE ROAD|Manotick, Ontario K0E2E0",3 + 0,3,Petula Sourges,House,"$1,295,000",RE/MAX ABSOLUTE REALTY INC.,613,867-1177,"$1,295,000"
"00 RIVER ROAD|Merrickville, Ontario K0G1N0",,0,Liz Wardhaugh,,"$449,900",ROYAL LEPAGE TEAM REALTY,613,884-6652,"$449,900"
"622 BARRACKS WAY|Ottawa, Ontario K2S0L3",4 + 0,4,Jeffrey Usher,House,"$700,000",GRAPE VINE REALTY INC.,613,829-1000,"$700,000"
"448 KINTYRE PRIVATE|Ottawa, Ontario K2C3M9",4 + 1,2,Simon Si,Row / Townhouse,"$499,000",ROYAL LEPAGE PERFORMANCE REALTY,613,255-3422,"$499,000"
"11 KINGSFORD CRESCENT|Ottawa, Ontario K2K1T5",4 + 2,4,Harrison da Costa,House,"$979,000",ROYAL LEPAGE TEAM REALTY,613,983-2202,"$979,000"
"118 Av. des Champignons|Gatineau (Aylmer), Quebec J9J1W8",4,2,Martine Demers,House,"$429,900",RE/MAX DIRECT INC. - Gatineau,819,775-7719,"$429,900"
"179 GEORGE STREET UNIT#401|Ottawa, Ontario K1N1J8",2 + 0,1,Sarah Percival,Apartment,"$449,900",ROYAL LEPAGE PERFORMANCE REALTY,613,883-7076,"$449,900"
"952 EVE STREET|Ottawa, Ontario K1K3R4",3 + 3,3,Eli Skaff,House,"$699,000",AVENUE NORTH REALTY INC.,613,262-0212,"$699,000"
"1601 LUNENBERG CRESCENT|Ottawa, Ontario K1C6C2",3 + 0,3,Christine Bussieres,House,"$699,000",RE/MAX AFFILIATES REALTY LTD.,613,558-8000,"$699,000"
"530 DE MAZENOD AVENUE UNIT#507|Ottawa, Ontario K1S5W8",2 + 0,2,Jason Pilon,Apartment,"$969,900",RE/MAX HALLMARK PILON GROUP REALTY,613,909-8100,"$969,900"
"508 PINE VISTA DRIVE|Ottawa, Ontario K4A5A4",3 + 0,4,Ken Brothers,House,"$759,900",RE/MAX HALLMARK REALTY GROUP,613,858-2428,"$759,900"
"1449 RIDGEBROOK DRIVE UNIT#113|Ottawa, Ontario K1B4T1",4 + 0,2,Leo Rosato,Row / Townhouse,"$369,900",SUTTON GROUP - OTTAWA REALTY,613,720-4356,"$369,900"
"140 SOLEIL AVENUE|Ottawa, Ontario K4A0V8",3 + 1,4,Justin Mastromattei,House,"$799,900",CENTURY 21 EXPLORER REALTY INC.,613,298-7955,"$799,900"
"1859 HENNESSY CRESCENT|Ottawa, Ontario K4A3X8",3 + 0,3,Elaine Dube,House,"$699,900",RE/MAX HALLMARK REALTY GROUP,613,612-1212,"$699,900"
"1510 RIVERSIDE DRIVE UNIT#102|Ottawa, Ontario K1G4X5",2 + 0,2,Wanda Bosada,Apartment,"$875,000",COLDWELL BANKER FIRST OTTAWA REALTY,613,724-8998,"$875,000"
"121 RALLIDALE STREET|Ottawa, Ontario K1X0G8",2 + 1,3,F. Dwight Delahunt,House,"$779,900",RE/MAX AFFILIATES REALTY LTD.,613,837-0000,"$779,900"
"106 CLARKSON CRESCENT|Kanata, Ontario K2L3E2",3 + 0,3,Randa Salib,Row / Townhouse,"$424,900",SUTTON GROUP - OTTAWA REALTY,613,983-7776,"$424,900"
"2323 WATERCOLOURS WAY|Nepean, Ontario K2J6N2",3 + 0,3,Marat Lerner,Row / Townhouse,"$649,900",DETAILS REALTY INC.,613,204-1807,"$649,900"
"267 KIMPTON DRIVE|Ottawa, Ontario K2S2E7",4 + 0,3,Stuart Watkins,Row / Townhouse,"$599,900",ROYAL LEPAGE TEAM REALTY,613,252-9112,"$599,900"
"126 HIGHFIELD CRESCENT|Carleton Place, Ontario K7C3P2",3 + 1,2,Paul Butcher,House,"$529,000",AVENUE NORTH REALTY INC.,613,898-8597,"$529,000"
"38 Rue d'Alençon|Gatineau (Gatineau), Quebec J8T4N8",4,2,Melissa Harvey,House,"$349,900",RE/MAX DIRECT INC. - Gatineau,819,962-6493,"$349,900"
"150 Rue Fernand-Arvisais|#2|Gatineau (Gatineau), Quebec J8P4Y9",2,1,Roch St Jacques,Apartment,"$214,900",RE/MAX DIRECT INC. - Gatineau,819,213-4740,"$214,900"
"11 Ch. Robineau|Val-des-Monts, Quebec J8N7P8",3,2,Michelle Poirier Asselin,House,"$379,900",RE/MAX VISION - Hull,819,921-3883,"$379,900"
"111 INVERKIP AVENUE|Ottawa, Ontario K1T4B9",3 + 0,3,Steven Liao,Row / Townhouse,"$549,900",CENTURY 21 EXPLORER STEVEN LIAO REALTY INC.,613,818-9066,"$549,900"
"2337 ORIENT PARK DRIVE|Ottawa, Ontario K1B4Y6",3 + 0,4,Heather Berenbaum,Row / Townhouse,"$399,900",RE/MAX HALLMARK REALTY GROUP,613,608-8986,"$399,900"
"378-380 WILBROD STREET|Ottawa, Ontario K1N6M8",4 + 1,3,Marilyn Wilson,Duplex,"$1,475,000",MARILYN WILSON DREAM PROPERTIES INC.,613,842-5000,"$1,475,000"
"40 Rue des Châteaux-des-Bois|#306|Gatineau (Aylmer), Quebec J9H6V6",2,2,Vyncent Ledoux,Apartment,"$349,900",RE/MAX VISION - Hull,819,593-1768,"$349,900"
"6 Crois. Annabelle|Bristol, Quebec J0X1G0",,,Jarod Croghan,,"$39,900",Royal LePage Vallée de l'Outaouais - Aylmer,819,664-7093,"$39,900"
"8 Crois. Annabelle|Bristol, Quebec J0X1G0",,,Jarod Croghan,,"$39,900",Royal LePage Vallée de l'Outaouais - Aylmer,819,664-7093,"$39,900"
"78 VANSTONE DRIVE|Kanata, Ontario K2L3T1",4 + 0,4,Sunita Gangal,House,"$969,000",COLDWELL BANKER SARAZEN REALTY,613,277-8710,"$969,000"
"590 PENNYCROSS LANE|Ottawa, Ontario K0A1L0",3 + 0,3,Kristine Johnson,House,"$2,150,000",RE/MAX ABSOLUTE REALTY INC.,613,262-2742,"$2,150,000"
"66 STONEPATH CRESCENT|Stittsville, Ontario K2S1S4",3 + 0,3,Nancy Allen,House,"$599,900",RE/MAX ABSOLUTE REALTY INC.,613,986-6769,"$599,900"
"207 GEYSER PLACE|Ottawa, Ontario K2J6N9",3 + 0,3,Trisha Shaver,Row / Townhouse,"$649,000",RE/MAX HALLMARK REALTY GROUP,613,302-8448,"$649,000"
"3415 UPLANDS DRIVE UNIT#30|Ottawa, Ontario K1V9N3",2 + 1,2,Sheila Devries,Row / Townhouse,"$359,900",CENTURY 21 SYNERGY REALTY INC.,613,866-5871,"$359,900"
"1975 GREENVALE LANE|Ottawa, Ontario K1C6E4",3 + 0,2,Julia Zhu,Row / Townhouse,"$359,900",ESTEEM REALTY INC.,613,262-2228,"$359,900"
"101 RICHMOND ROAD UNIT#404|Ottawa, Ontario K1Z0A6",1 + 0,1,Christopher Avalos,Apartment,"$374,800",EXP REALTY,613,853-9431,"$374,800"
"1308 ESSEX AVENUE|Ottawa, Ontario K1H7P2",4 + 0,2,Jennifer Keeley,House,"$499,000",ENGEL & VOLKERS OTTAWA CENTRAL,613,791-6186,"$499,000"
"1158 BELANGER AVENUE UNIT#6|Ottawa, Ontario K1H8A2",3 + 0,2,Elena Levin,Row / Townhouse,"$499,900",RE/MAX AFFILIATES REALTY LTD.,613,263-3558,"$499,900"
"620 MCCONNELL ROAD|Merrickville, Ontario K0G1N0",2 + 0,1,Manfred Schlesiger,House,"$339,900",ROYAL LEPAGE PERFORMANCE REALTY,613,276-7169,"$339,900"
"414 CACHE BAY CRESCENT|Ottawa, Ontario K1T4H3",3 + 0,3,Jeffrey Usher,Row / Townhouse,"$417,000",GRAPE VINE REALTY INC.,613,829-1000,"$417,000"
"2749 DRAPER PLACE|Ottawa, Ontario K2H7A3",3 + 1,3,Vineet Parti,House,"$749,000",RE/MAX AFFILIATES REALTY LTD.,613,864-8584,"$749,000"
"37 WOODVALE GREEN UNIT#E|Ottawa, Ontario K2G4H3",3 + 0,3,Lori Deeprose,Row / Townhouse,"$374,900",ROYAL LEPAGE PERFORMANCE REALTY,613,238-2801,"$374,900"
"1780 PLAINRIDGE CRESCENT|Ottawa, Ontario K4A0L9",3 + 0,3,Jeffrey Usher,Row / Townhouse,"$390,000",GRAPE VINE REALTY INC.,613,829-1000,"$390,000"
"380 ISLAND PARK DRIVE|Ottawa, Ontario K1Y0A9",3 + 1,3,Diana Sneddon,House,"$1,150,000",ROYAL LEPAGE TEAM REALTY,613,697-8946,"$1,150,000"
"1815 LAMOUREUX DRIVE|Orleans, Ontario K1E2H3",3 + 0,2,Ian Charlebois,Row / Townhouse,"$470,000",IAN CHARLEBOIS REAL ESTATE & MORTGAGES INC,613,422-7653,"$470,000"
"6 Rue du Vermont|Gatineau (Gatineau), Quebec J8P2K3",2,2,Julio Valenzuela,House,"$469,000",Royal LePage Vallée de l'Outaouais,819,210-4951,"$469,000"
"204 Rue Berthel|Gatineau (Buckingham), Quebec J8L3Z2",4,2,Anik Mainville,House,"$287,000",RE/MAX VISION - Buckingham,819,962-1997,"$287,000"
"19 Rue Tremblay|Gatineau (Buckingham), Quebec J8L3M9",5,2,Mélanie Bergevin,House,"$389,900",RE/MAX DIRECT INC.,819,918-5631,"$389,900"
"1327 CAHILL DRIVE|Ottawa, Ontario K1V7K3",4 + 0,3,Kenneth Tripp,House,"$689,900",EXP REALTY,613,291-8033,"$689,900"
"853 ALPINE AVENUE|Ottawa, Ontario K2B5R5",3 + 0,3,Janda Shamess,House,"$949,000",PURPLEBRICKS,866,336-9637,"$949,000"
"596 O'CONNOR STREET|Ottawa, Ontario K1S3R5",2 + 0,2,Dominique Milne,House,"$799,000",ENGEL & VOLKERS OTTAWA CENTRAL,613,864-5566,"$799,000"
"255A SUNNYSIDE AVENUE|Ottawa, Ontario K1S0R4",2 + 0,2,Toby Pike,Row / Townhouse,"$699,900",ROYAL LEPAGE PERFORMANCE REALTY,613,730-5064,"$699,900"
"115 ISSAM PRIVATE|Ottawa, Ontario K1T4B6",3 + 1,4,Darcy Whyte,House,"$1,249,900",CENTURY 21 SYNERGY REALTY INC,613,697-8722,"$1,249,900"
"24 BYRON AVENUE|Ottawa, Ontario K1Y3H9",5 + 0,2,Carmine Tripudio,House,"$1,150,000",RE/MAX HALLMARK REALTY GROUP,613,298-8000,"$1,150,000"
"122 DAVENTRY CRESCENT|Ottawa, Ontario K2J4M7",2 + 0,2,Timothy Larocque,Row / Townhouse,"$399,900",GREENKEY REALTY INC.,613,668-2710,"$399,900"
"552 STARGAZER CRESCENT|Ottawa, Ontario K4M0H2",3 + 0,3,Rachel Hammer,Row / Townhouse,"$825,000",ROYAL LEPAGE TEAM REALTY HAMMER & ASSOC.,613,369-8314,"$825,000"
"205 CLOTHIER STREET W|Kemptville, Ontario K0G1J0",4 + 0,3,Sue Jackson,House,"$699,900",ROYAL LEPAGE TEAM REALTY,613,795-6801,"$699,900"
"1361 FITZPATRICK STREET|Ottawa, Ontario K1E3L7",3 + 0,3,Nezar Bekir,House,"$699,900",ROYAL LEPAGE PERFORMANCE REALTY,613,617-7191,"$699,900"
"1785 CABARET LANE UNIT#108|Ottawa, Ontario K4A2H2",2 + 0,2,Nicholas Dupre,Row / Townhouse,"$339,900",RE/MAX AFFILIATES REALTY LTD.,613,852-1081,"$339,900"
"626 SIMONEAU  WAY|Ottawa, Ontario K4A1P4",3,2,TRACY ARNETT,House,"$539,900",TRACY ARNETT REALTY LTD.,613,233-4488,"$539,900"
"10 Rue de la Petite-Ourse|Gatineau (Aylmer), Quebec J9J0S2",3,1,Benoit Brunet,House,"$479,000",Royal LePage Vallée de l'Outaouais,819,210-8670,"$479,000"
"132 Ch. Groulx|Cantley, Quebec J8V3M6",6,3,Manuel Silva,House,"$775,000",RE/MAX VISION - Hull,819,210-0102,"$775,000"
"10 Rue des Pommiers|Gatineau (Hull), Quebec J9A3V1",5,5,Mathieu Arseneault,House,"$3,185,000",RE/MAX DIRECT INC. - Gatineau,819,664-0629,"$3,185,000"
"77 Rue de Nevers|Gatineau (Gatineau), Quebec J8T4R4",4,2,Dominic LeSieur,House,"$374,900",RE/MAX VISION,819,930-1191,"$374,900"
"6861 BILBERRY DRIVE|Orleans, Ontario K1C2E8",3 + 0,2,Ryan Cole,Row / Townhouse,"$429,900",ROYAL LEPAGE PERFORMANCE REALTY,613,295-2986,"$429,900"
"626 SIMONEAU WAY|Ottawa, Ontario K4A1P4",3 + 0,2,Nina Krakowsky,House,"$539,900",TRACY ARNETT REALTY LTD.,613,697-0034,"$539,900"
"1144 GABLEFIELD PRIVATE|Ottawa, Ontario K1J1E3",0 + 2,2,Heather Meunier,House,"$349,900",KELLER WILLIAMS INTEGRITY REALTY,613,761-8343,"$349,900"
"873 OLD PERTH ROAD|Carleton Place, Ontario K7C0C5",,0,Michel Brissette,,"$799,000",EXIT REALTY MATRIX,613,668-1445,"$799,000"
"617 CAPRICORN CIRC|Ottawa, Ontario K4M0J4",3,3,HAFIZ MOHAMMAD,Row / Townhouse,"$769,900",RIGHT AT HOME REALTY INC.,647,524-7653,"$769,900"
"157 LILY POND STREET|Ottawa, Ontario K2M2L9",4 + 0,3,Josh West,House,"$779,900",KELLER WILLIAMS INTEGRITY THE WEST TEAM REALTY,613,282-5674,"$779,900"
"43 SOUTHVIEW CRESCENT|Ottawa, Ontario K2E5R4",2 + 2,2,Simon Si,House,"$629,900",ROYAL LEPAGE PERFORMANCE REALTY,613,255-3422,"$629,900"
"43 SOUTHVIEW CRESCENT|Ottawa, Ontario K2E5R4",2 + 2,2,Simon Si,House,"$629,900",ROYAL LEPAGE PERFORMANCE REALTY,613,255-3422,"$629,900"
"100 GRANT CARMAN DRIVE UNIT#102|Ottawa, Ontario K2E8B8",1 + 0,1,Paula Moloney,Apartment,"$349,900",ENGEL & VOLKERS OTTAWA CENTRAL,613,698-7654,"$349,900"
"62 WOODROFFE AVE|Ottawa, Ontario K2A3T6",3,3,EMON BEHJATI,House,"$799,900",ROYAL LEPAGE YOUR COMMUNITY REALTY,416,637-8000,"$799,900"
"169 DAKERS ROAD|Carleton Place, Ontario K7C0C4",0 + 3,2,Laura Keller,House,"$449,900",RE/MAX AFFILIATES REALTY LTD.,613,558-7253,"$449,900"
"2233 MONDAVI STREET|Orleans, Ontario K4A4S1",3 + 0,4,Ron Corbett,House,"$549,000",PURPLEBRICKS,866,336-9637,"$549,000"
"120 BRIARGATE PRIVATE UNIT#3|Ottawa, Ontario K4A0C5",2 + 0,2,Geoff Walker,Apartment,"$359,900",RE/MAX ABSOLUTE WALKER REALTY,613,422-2055,"$359,900"
"151 AQUARIUM AVENUE|Ottawa, Ontario K4A3T9",3 + 0,3,Jeffrey Usher,House,"$600,000",GRAPE VINE REALTY INC.,613,829-1000,"$600,000"
"881 CHAPMAN BOULEVARD|Ottawa, Ontario K1G1V1",3 + 0,2,Derek Hooper,House,"$750,000",RE/MAX HALLMARK HOOPER GROUP REALTY,613,986-0156,"$750,000"
"33 Rue de Bruxelles|#7|Gatineau (Aylmer), Quebec J9J0M4",1,1,Jonathan Sigouin,Apartment,"$209,900",FLASH IMMOBILIER INC./FLASH REAL ESTATE INC.,819,743-5678,"$209,900"
"15 MURRAY STREET UNIT#3|Ottawa, Ontario K1N9M5",1 + 0,1,Marnie Bennett,Apartment,"$459,900",BENNETT PROPERTY SHOP REALTY,613,233-8606,"$459,900"
"2111 MONTREAL ROAD UNIT#25|Ottawa, Ontario K1J8M8",3 + 0,2,Kannan Pagalam,Row / Townhouse,"$399,000",COLDWELL BANKER FIRST OTTAWA REALTY,613,619-4867,"$399,000"
"200 RIDEAU STREET UNIT#1107|Ottawa, Ontario K1N5Y1",1 + 0,1,Ahmed El Hajj Hassan,Apartment,"$419,000",GRAPE VINE REALTY INC.,613,263-2634,"$419,000"
"51 QUINPOOL CRESCENT|Ottawa, Ontario K2H6H9",3 + 0,3,Casey McGowan,House,"$699,000",RE/MAX AFFILIATES REALTY LTD.,613,878-5831,"$699,000"
"84 KNOWLTON DRIVE|Ottawa, Ontario K2G6V3",3 + 2,4,Julia Johnston,House,"$729,900",RE/MAX AFFILIATES REALTY LTD.,613,858-8186,"$729,900"
"1683 LAKESHORE DRIVE|Greely, Ontario K4P1H1",3 + 1,5,Sue Kennedy,House,"$2,398,000",ROYAL LEPAGE TEAM REALTY,613,799-7557,"$2,398,000"
"33 Rue de Bruxelles|#7|Gatineau (Aylmer), Quebec J9J0M4",1,1,Jonathan Sigouin,Apartment,"$209,900",FLASH IMMOBILIER INC./FLASH REAL ESTATE INC.,819,743-5678,"$209,900"
"15 MURRAY STREET UNIT#3|Ottawa, Ontario K1N9M5",1 + 0,1,Marnie Bennett,Apartment,"$459,900",BENNETT PROPERTY SHOP REALTY,613,233-8606,"$459,900"
"200 RIDEAU STREET UNIT#1107|Ottawa, Ontario K1N5Y1",1 + 0,1,Ahmed El Hajj Hassan,Apartment,"$419,000",GRAPE VINE REALTY INC.,613,263-2634,"$419,000"
"132 WINDANCE CRESCENT|Ottawa, Ontario K2W0A7",3 + 0,3,Daria Kark,Row / Townhouse,"$599,900",ENGEL & VOLKERS OTTAWA CENTRAL,613,513-5597,"$599,900"
"32 FARM GATE CRESCENT|Ottawa, Ontario K2E7N7",3 + 0,3,Paul Rushforth,House,"$719,900",PAUL RUSHFORTH REAL ESTATE INC.,613,788-2122,"$719,900"
"869 SMYTH ROAD|Ottawa, Ontario K1G1P4",3 + 1,3,Andrew Clark,House,"$674,900",RE/MAX AFFILIATES REALTY LTD.,613,889-7056,"$674,900"
"54 VIMY RIDGE CRESCENT|Arnprior, Ontario K7S0H7",3 + 0,2,Alison Edwards,Row / Townhouse,"$489,900",INNOVATION REALTY LTD.,613,222-2727,"$489,900"
"5464 WOODEDEN DRIVE|Manotick, Ontario K4M1B4",3 + 0,3,John King,House,"$799,000",ENGEL & VOLKERS OTTAWA CENTRAL,613,422-8688,"$799,000"
"2330 RIVER ROAD|Ottawa, Ontario K3M1B4",3 + 1,2,Geoff Walker,House,"$549,900",RE/MAX ABSOLUTE WALKER REALTY,613,422-2055,"$549,900"
"326 MOISSON STREET|Embrun, Ontario K0A1W0",2 + 0,2,Mathieu Fournier,House,"$559,900",RE/MAX DELTA REALTY,613,614-1853,"$559,900"
"164 PICTOU CRESCENT|Ottawa, Ontario K2V0R7",3 + 0,2,Heather Belajac,Row / Townhouse,"$524,900",ROYAL LEPAGE TEAM REALTY,613,804-9508,"$524,900"
"148 GRENADINE STREET|Ottawa, Ontario K2S0V3",2 + 0,3,Jason Spartalis,Row / Townhouse,"$489,900",RE/MAX AFFILIATES BOARDWALK,613,266-2460,"$489,900"
"5464 WOODEDEN DRIVE|Manotick, Ontario K4M1B4",3 + 0,3,John King,House,"$799,000",ENGEL & VOLKERS OTTAWA CENTRAL,613,422-8688,"$799,000"
"2330 RIVER ROAD|Ottawa, Ontario K3M1B4",3 + 1,2,Geoff Walker,House,"$549,900",RE/MAX ABSOLUTE WALKER REALTY,613,422-2055,"$549,900"
"14 MCDONALD STREET|Smiths Falls, Ontario K7A1L1",2 + 1,3,Carol Barber,House,"$550,900",RE/MAX AFFILIATES REALTY LTD.,613,285-4887,"$550,900"
"29 SUNSET BOULEVARD|Perth, Ontario K7H2Y3",3 + 0,2,Amy Porteous,House,"$399,900",KELLER WILLIAMS INTEGRITY REALTY,613,299-9380,"$399,900"
"621 CAPUCHON WAY|Orleans, Ontario K4A0W2",3 + 0,3,Tom Sapinski,House,"$699,900",RE/MAX AFFILIATES REALTY LTD.,613,327-7121,"$699,900"
"116 Av. des Peupliers|Pontiac, Quebec J0X2G0",2,1,Jonathan Maher,House,"$264,900",RE/MAX DIRECT INC.,819,923-9186,"$264,900"
"738 DEVARIO CRESCENT|Ottawa, Ontario K2J6H3",4 + 0,4,Tarek El Attar,House,"$1,149,900",RE/MAX AFFILIATES CAPITAL PARTNERS,613,733-9494,"$1,149,900"
"2 DOWDALL CRESCENT|Stittsville, Ontario K2S1V1",3 + 1,2,Marnie Bennett,House,"$600,000",BENNETT PROPERTY SHOP REALTY,613,233-8606,"$600,000"
"40 EDGEWARE DRIVE|Ottawa, Ontario K2J4X3",3 + 0,4,Mike Scerbo,House,"$649,000",FIDACITY REALTY,613,222-9915,"$649,000"
"2 DOWDALL CRESCENT|Stittsville, Ontario K2S1V1",3 + 1,2,Marnie Bennett,House,"$600,000",BENNETT PROPERTY SHOP REALTY,613,233-8606,"$600,000"
"40 EDGEWARE DRIVE|Ottawa, Ontario K2J4X3",3 + 0,4,Mike Scerbo,House,"$649,000",FIDACITY REALTY,613,222-9915,"$649,000"
"220 HARTHILL WAY|Nepean, Ontario K2J0P2",4 + 0,3,Lindsay Miller,House,"$749,900",ROYAL LEPAGE TEAM REALTY,613,355-5716,"$749,900"
"195 Rue du Buzet|Gatineau (Aylmer), Quebec J9H7J5",3,2,Jonathan Maher,House,"$739,900",RE/MAX DIRECT INC.,819,923-9186,"$739,900"
"428 SPARKS STREET UNIT#1402|Ottawa, Ontario K1R0B3",1 + 0,1,Eric Vani,Apartment,"$539,900",SUTTON GROUP - OTTAWA REALTY,613,862-8264,"$539,900"
"314 KIRCHOFFER AVENUE|Ottawa, Ontario K2A1Y3",3 + 1,4,Kelly Ebbs,House,"$1,425,000",ROYAL LEPAGE TEAM REALTY,613,799-9768,"$1,425,000"
"77 LEES AVENUE|Ottawa, Ontario K1S0B8",3 + 0,2,Jennifer Keeley,Duplex,"$749,000",ENGEL & VOLKERS OTTAWA CENTRAL,613,791-6186,"$749,000"
"35 BELLROCK DRIVE|Kanata, Ontario K2K3J4",3 + 0,3,Steven Liao,Row / Townhouse,"$589,800",CENTURY 21 EXPLORER STEVEN LIAO REALTY INC.,613,818-9066,"$589,800"
"2773 PIMLICO CRESCENT|Ottawa, Ontario K1T2A7",3 + 0,2,Bruno Gamache,Row / Townhouse,"$355,000",KELLER WILLIAMS INTEGRITY REALTY,613,878-3310,"$355,000"
"324 EVERGLADE WAY|Ottawa, Ontario K2M0K9",4 + 1,4,Adam Mills,House,"$1,100,000",ROYAL LEPAGE TEAM REALTY ADAM MILLS,613,825-7653,"$1,100,000"
"133 TEAL CRESCENT|Ottawa, Ontario K1E2C1",3 + 0,2,Jen Parker,Row / Townhouse,"$369,900",RE/MAX HALLMARK REALTY GROUP,613,314-6111,"$369,900"
"1646 ORFORD CRESCENT|Orleans, Ontario K4A1V2",4 + 1,4,Marc Evans,House,"$874,900",RE/MAX DELTA REALTY TEAM,613,868-4383,"$874,900"
"61 DAMSELFISH WALK|Ottawa, Ontario K4A2N3",3 + 0,4,Kevin Drew,Row / Townhouse,"$634,900",ROYAL LEPAGE TEAM REALTY,613,404-3958,"$634,900"
"48 Rue Ste-Marie|Gatineau (Hull), Quebec J8Y2A5",2,1,Andrew Payette,Triplex,"$599,900",Royal LePage Vallée de l'Outaouais,819,962-7487,"$599,900"
"387 HATFIELD CRESCENT|Ottawa, Ontario K1E1M6",3 + 1,2,Lisa Boutilier,House,"$575,000",ROYAL LEPAGE PERFORMANCE REALTY,613,355-9494,"$575,000"
"983 LUCILLE WAY|Ottawa, Ontario K4A4J2",3 + 0,3,Geoff Walker,Row / Townhouse,"$619,000",RE/MAX ABSOLUTE WALKER REALTY,613,422-2055,"$619,000"
"778 CARMELLA CRESCENT|Ottawa, Ontario K4A4W2",4 + 0,3,Saadiq Hussain,Row / Townhouse,"$579,900",POWER MARKETING REAL ESTATE INC.,613,860-7355,"$579,900"
"1481 BRIARFIELD CRESCENT|Orleans, Ontario K4A1W6",3 + 0,3,Paul Rushforth,Row / Townhouse,"$499,900",PAUL RUSHFORTH REAL ESTATE INC.,613,788-2122,"$499,900"
"1614 MEADOWFIELD PLACE|Ottawa, Ontario K1C5V3",4 + 0,3,Sue Fox,House,"$689,000",RE/MAX AFFILIATES REALTY LTD.,613,558-6822,"$689,000"
"545 ST LAURENT BOULEVARD UNIT#2404|Ottawa, Ontario K1K4N1",2 + 0,2,Reed Allen,Apartment,"$525,000",RE/MAX HALLMARK REALTY GROUP,613,762-7818,"$525,000"
"16 WESTCHESTER COURT|Ottawa, Ontario K2J3P9",4 + 0,3,Rocco Disipio,House,"$795,000",ROYAL LEPAGE TEAM REALTY,613,277-4537,"$795,000"
"153 POPLIN STREET|Manotick, Ontario K4M0E2",2 + 0,2,Brad MacNeil,House,"$549,900",CENTURY 21 SYNERGY REALTY INC,613,880-5743,"$549,900"
"3480 SOUTHGATE ROAD|Ottawa, Ontario K1V9P9",3 + 0,2,Ana Ideias,Row / Townhouse,"$499,000",COLDWELL BANKER FIRST OTTAWA REALTY,613,883-3650,"$499,000"
"24 CHARING ROAD|Ottawa, Ontario K2G0Z5",3 + 1,3,Sean McCann,House,"$699,900",ENGEL & VOLKERS OTTAWA CENTRAL,613,806-1171,"$699,900"
"2437 NUTGROVE AVENUE|Ottawa, Ontario K2J0X4",2 + 0,2,Scott Weegar,Row / Townhouse,"$529,900",OTTAWA PROPERTY GROUP REALTY INC.,613,797-8500,"$529,900"
"115 ANDREWSVILLE ROAD|Merrickville, Ontario K0G1N0",3 + 0,3,Rilla Seward-McShane,House,"$929,900",COLDWELL BANKER COBURN REALTY,613,295-5975,"$929,900"
"2583 SEVERN AVENUE|Ottawa, Ontario K2B7V8",2 + 1,2,Dan Horan,House,"$599,900",RE/MAX HALLMARK REALTY GROUP,613,255-6494,"$599,900"
"3480 SOUTHGATE ROAD|Ottawa, Ontario K1V9P9",3 + 0,2,Ana Ideias,Row / Townhouse,"$499,000",COLDWELL BANKER FIRST OTTAWA REALTY,613,883-3650,"$499,000"
"445 KINTYRE PRIVATE|Ottawa, Ontario K2C3M9",3 + 0,2,Colleen Rushforth,Row / Townhouse,"$399,900",RE/MAX HALLMARK REALTY GROUP,613,291-2668,"$399,900"
"2168 BINGHAM STREET|Ottawa, Ontario K1G2V7",3 + 1,2,Reed Allen,House,"$549,900",RE/MAX HALLMARK REALTY GROUP,613,762-7818,"$549,900"
"24 CHARING ROAD|Ottawa, Ontario K2G0Z5",3 + 1,3,Sean McCann,House,"$699,900",ENGEL & VOLKERS OTTAWA CENTRAL,613,806-1171,"$699,900"
"101 BERT HALL STREET|Arnprior, Ontario K7S3G9",5 + 0,3,Ashlee Odam,House,"$799,000",COLDWELL BANKER FIRST OTTAWA REALTY,613,864-7951,"$799,000"
"1725 HEATHERINGTON ROAD|Ottawa, Ontario K1V8T8",3 + 0,2,Peter Benoit,Row / Townhouse,"$319,900",ROYAL LEPAGE PERFORMANCE REALTY,613,447-2497,"$319,900"
"195 & 195C OLD ORCHARD ROAD|Merrickville, Ontario K0G1N0",4 + 0,4,Julia Forbes,House,"$475,000",ROYAL LEPAGE TEAM REALTY,613,618-0131,"$475,000"
"955 EADIE ROAD|Russell, Ontario K4R1E5",3 + 0,2,Jack H. Fagan,House,"$749,900",CANADIAN BUSINESS SERVICES LTD.,613,725-6466,"$749,900"
"20 STOCKHOLM PRIVATE|Ottawa, Ontario K4M0G9",2 + 0,4,Anthony Ianni,Row / Townhouse,"$499,900",RE/MAX HALLMARK REALTY GROUP,613,850-9553,"$499,900"
"11 DRAINIE DRIVE|Ottawa, Ontario K2L3J6",4 + 0,4,Chris Nicholson,House,"$750,000",RE/MAX HALLMARK REALTY GROUP,613,799-4006,"$750,000"
"528 SNOW GOOSE STREET|Ottawa, Ontario K2J5Y9",3 + 0,2,Jeff Miller,Row / Townhouse,"$535,000",RE/MAX AFFILIATES REALTY LTD.,613,558-8000,"$535,000"
"317 COZUMEL PRIVATE|Ottawa, Ontario K4A0V2",3 + 0,2,Kristine Johnson,Row / Townhouse,"$500,000",RE/MAX ABSOLUTE REALTY INC.,613,262-2742,"$500,000"
"78 PROPER STREET|Braeside, Ontario K0A1G0",3 + 0,2,Donna Defalco,House,"$569,900",COLDWELL BANKER VALLEY WIDE REAL ESTATE LTD,613,979-2601,"$569,900"
"133 Rue des Becs-Scie|Gatineau (Masson-Angers), Quebec J8M0A5",4,1,Gabriel Vermette,House,"$349,900",RE/MAX VISION,819,923-0563,"$349,900"
"93 Boul. de la Cité|Gatineau (Gatineau), Quebec J8T8K3",3,2,Jean-Yves Plouffe,House,"$485,000",RE/MAX VISION - Hull,819,328-3683,"$485,000"
"3 Rue Benedetti|Val-des-Monts, Quebec J8N7J9",,,Martin Lécuyer,,"$64,900",RE/MAX DIRECT INC. - Gatineau,819,661-3084,"$64,900"
"126 SPRINGTON CRESCENT|Ottawa, Ontario K2J0V9",4 + 0,4,Tianying Zheng,House,"$899,000",ESTEEM REALTY INC.,613,879-3611,"$899,000"
"3234 SOUTHGATE ROAD|Ottawa, Ontario K1V8W2",3 + 0,2,Rainer Bruchhaeuser,Row / Townhouse,"$358,000",KELLER WILLIAMS INTEGRITY REALTY,613,889-4345,"$358,000"
"6938 LAKE FOREST DRIVE|Greely, Ontario K4P0A3",5 + 1,5,Joanne Gauthier,House,"$1,695,000",EQUITY ONE REAL ESTATE INC.,613,983-1186,"$1,695,000"
"128F FLANDERS STREET|Nepean, Ontario K2J4N2",3 + 0,2,Michal Michalski,Row / Townhouse,"$499,000",REALTY REBEL (OTTAWA) INC.,613,324-1225,"$499,000"
"782 Rue Notre-Dame|Gatineau (Gatineau), Quebec J8P1N5",4,3,Annick Fleury,House,"$399,900",Royal LePage Vallée de l'Outaouais - Val-des-Monts,819,592-5152,"$399,900"
"9 Rue Wright|Gatineau (Hull), Quebec J8Y3J6",2,1,Karine Séguin,House,"$649,900",Royal LePage Vallée de l'Outaouais,819,661-2123,"$649,900"
"2017 STONEHENGE CRESCENT|Ottawa, Ontario K1B4N7",3 + 0,2,Darcy Whyte,Row / Townhouse,"$415,000",CENTURY 21 SYNERGY REALTY INC,613,697-8722,"$415,000"
"1553 DUPLANTE AVENUE|Ottawa, Ontario K4A3Z2",3 + 0,2,Ryan Jones,Row / Townhouse,"$484,900",COLDWELL BANKER FIRST OTTAWA REALTY,613,314-5075,"$484,900"
"2204 UTAH STREET|Ottawa, Ontario K1H7W8",3 + 0,2,Xiaoli (Lily) Hu,House,"$699,000",KELLER WILLIAMS INTEGRITY REALTY,613,220-0046,"$699,000"
"161 UNION STREET N|Mississippi Mills, Ontario K0A1A0",5 + 0,4,Wendy Ronberg,House,"$1,499,000",EXIT REALTY VISION,613,914-5524,"$1,499,000"
"175 WINDHURST DRIVE|Ottawa, Ontario K2G6H9",3 + 0,3,Jennifer Chamberlain,House,"$735,000",RE/MAX AFFILIATES GEOFF&BOBBIE MCGOWAN,613,818-5662,"$735,000"
"199 SLATER STREET UNIT#2106|Ottawa, Ontario K1P0C8",0 + 0,1,Sri Bagavatsingam,Apartment,"$339,900",RIGHT AT HOME REALTY INC.,613,608-4064,"$339,900"
"1458 MURDOCK GATE|Ottawa, Ontario K1J8R5",3 + 0,2,Julie Clement,Row / Townhouse,"$399,900",COLDWELL BANKER FIRST OTTAWA REALTY,613,294-8294,"$399,900"
"161 ADRIEN STREET|Clarence-Rockland, Ontario K4K1K7",2 + 2,4,Christopher Blenkiron,House,"$1,699,900",RE/MAX HALLMARK EXCELLENCE GROUP REALTY,613,913-4665,"$1,699,900"
"210 Rue des Bernaches|Gatineau (Masson-Angers), Quebec J8M1K9",4,2,Anik Mainville,House,"$377,000",RE/MAX VISION - Buckingham,819,962-1997,"$377,000"
"168 Ch. de Chambord|Gatineau (Gatineau), Quebec J8R3H2",4,2,Claudio Cid,House,"$544,000",RE/MAX VISION,819,319-3099,"$544,000"
"776 DEARBORN PRIVATE|Ottawa, Ontario K1T0W3",3 + 0,3,Natalia Kaliberda,Row / Townhouse,"$699,900",AVENUE NORTH REALTY INC.,613,864-1664,"$699,900"
"28 FRANK STREET|Carleton Place, Ontario K7C2Z7",4 + 0,3,Beth Bonvie,House,"$649,000",ROYAL LEPAGE TEAM REALTY,613,762-1048,"$649,000"
"896 CORKTOWN ROAD|Merrickville, Ontario K0G1N0",3 + 1,3,Marc Leduc,House,"$1,094,800",RE/MAX HALLMARK REALTY GROUP,613,236-5959,"$1,094,800"
"892 CORKTOWN ROAD|Merrickville, Ontario K0G1N0",3 + 0,4,Marc Leduc,House,"$1,194,800",RE/MAX HALLMARK REALTY GROUP,613,236-5959,"$1,194,800"
"172 FRANKTOWN ROAD|Carleton Place, Ontario K7C2N7",3 + 0,1,Brian Rintoul,House,"$339,900",VALLEY HOMES REALTY LTD.,613,451-5385,"$339,900"
"111 SUNSETVIEW ROAD|Drummond, Ontario K7C3H8",3 + 0,1,Alexandra George,Manufactured Home,"$155,000",RE/MAX HALLMARK JENNA & CO. GROUP REALTY,613,277-6871,"$155,000"
"67 VILLAGE WALK PRIVATE|Ottawa, Ontario K4M1L1",2 + 0,2,Jeffrey Usher,Row / Townhouse,"$440,000",GRAPE VINE REALTY INC.,613,829-1000,"$440,000"
"58 Rue du Faubourg|Gatineau (Aylmer), Quebec J9H0C7",5,3,Marty Waite,House,"$749,900",RE/MAX DIRECT INC.,819,665-0033,"$749,900"
"138 STEDMAN STREET|Ottawa, Ontario K1T0B4",3 + 0,3,Pierre Acouri,Row / Townhouse,"$599,900",RE/MAX HALLMARK REALTY GROUP,613,266-3355,"$599,900"
"118 MAPLE KEY PRIVATE|Ottawa, Ontario K1T0E1",2 + 1,3,Margo Lindsay,Row / Townhouse,"$649,000",ROYAL LEPAGE TEAM REALTY,613,795-6274,"$649,000"
"5 Ch. de Gleneagle|Chelsea, Quebec J9B1V9",3,1,Gilles A. Séguin,House,"$539,900",GAUVIN IMMOBILIER INC.,819,360-6696,"$539,900"
"204 Rue de la Châtelaine|Gatineau (Gatineau), Quebec J8V2N6",4,3,Alain Fournier,House,"$899,900",RE/MAX DIRECT INC. - Gatineau,819,213-4747,"$899,900"
"40 Rue Boucher|Gatineau (Hull), Quebec J8Y6G3",4,2,Carlos Avila,House,"$489,900",RE/MAX DIRECT INC.,819,208-3998,"$489,900"
"541 BESSERER STREET|Ottawa, Ontario K1N6C6",4 + 0,5,Alistair Thomas,Row / Townhouse,"$889,000",ROYAL LEPAGE TEAM REALTY,613,794-7411,"$889,000"
"28 JOLLIET AVENUE|Ottawa, Ontario K1L5H5",2 + 0,1,Abdul Laayar,House,"$699,900",PURPLEBRICKS,866,336-9637,"$699,900"
"2130 BLACK FRIARS ROAD|Ottawa, Ontario K2A3K5",4 + 0,2,Janda Shamess,House,"$998,900",PURPLEBRICKS,866,336-9637,"$998,900"
"1072 CROMWELL DRIVE|Ottawa, Ontario K1V6K5",3 + 1,2,Victoria Brunetta,House,"$699,900",RE/MAX HALLMARK BRUNETTA GROUP REALTY,613,276-4601,"$699,900"
"1300 ADIRONDACK DRIVE|Ottawa, Ontario K2C2V3",3 + 1,2,Shane O'Sullivan,House,"$844,900",RE/MAX HALLMARK REALTY GROUP,613,236-5959,"$844,900"
"3479 PANMURE ROAD|Ottawa, Ontario K0A2H0",3 + 0,2,Adrienne Baxter,House,"$799,900",COLDWELL BANKER FIRST OTTAWA REALTY,613,295-0811,"$799,900"
"23 Imp. de la Descente|Gatineau (Aylmer), Quebec J9H5B8",3,2,Hubert Beauchesne,House,"$374,900",RE/MAX DIRECT INC.,819,918-2148,"$374,900"
"93 Rue du Tartan|Gatineau (Aylmer), Quebec J9J0N8",3,2,Marty Waite,House,"$599,900",RE/MAX DIRECT INC.,819,665-0033,"$599,900"
"611 Rue Front|Gatineau (Aylmer), Quebec J9J0V3",4,1,Shawn Pinard,House,"$650,000",RE/MAX DIRECT INC. - Gatineau,819,743-3244,"$650,000"
"440 Rue du Jockey|Gatineau (Aylmer), Quebec J9H0J5",4,2,Ali Saad,House,"$599,900",VIA CAPITALE DIAMANT - Gatineau,819,639-6697,"$599,900"
"422 DONALD B MUNRO DRIVE|Carp, Ontario K0A1L0",8 + 0,3,Wanda Clark,House,"$650,000",CENTURY 21 EXPLORER REALTY INC.,613,223-3310,"$650,000"
"101 PINHEY STREET UNIT#402|Ottawa, Ontario K1Y1T7",2 + 0,2,Matt Richling,Apartment,"$731,900",RE/MAX HALLMARK REALTY GROUP,613,286-9501,"$731,900"
"23 Imp. de la Descente|Gatineau (Aylmer), Quebec J9H5B8",3,2,Hubert Beauchesne,House,"$374,900",RE/MAX DIRECT INC.,819,918-2148,"$374,900"
"93 Rue du Tartan|Gatineau (Aylmer), Quebec J9J0N8",3,2,Marty Waite,House,"$599,900",RE/MAX DIRECT INC.,819,665-0033,"$599,900"
"611 Rue Front|Gatineau (Aylmer), Quebec J9J0V3",4,1,Shawn Pinard,House,"$650,000",RE/MAX DIRECT INC. - Gatineau,819,743-3244,"$650,000"
"440 Rue du Jockey|Gatineau (Aylmer), Quebec J9H0J5",4,2,Ali Saad,House,"$599,900",VIA CAPITALE DIAMANT - Gatineau,819,639-6697,"$599,900"
"422 DONALD B MUNRO DRIVE|Carp, Ontario K0A1L0",8 + 0,3,Wanda Clark,House,"$650,000",CENTURY 21 EXPLORER REALTY INC.,613,223-3310,"$650,000"
"101 PINHEY STREET UNIT#402|Ottawa, Ontario K1Y1T7",2 + 0,2,Matt Richling,Apartment,"$731,900",RE/MAX HALLMARK REALTY GROUP,613,286-9501,"$731,900"
"274 DES VISONS PLACE|Ottawa, Ontario K1E2Y7",3 + 0,3,Jeffrey Usher,Row / Townhouse,"$499,900",GRAPE VINE REALTY INC.,613,829-1000,"$499,900"
"23 DRAYTON PRIVATE|Ottawa, Ontario K1K4R1",3 + 0,2,Jeffrey Usher,Row / Townhouse,"$559,900",GRAPE VINE REALTY INC.,613,829-1000,"$559,900"
"216 SANDRA CRESCENT|Clarence-Rockland, Ontario K4K1R9",3 + 1,3,Christopher Blenkiron,House,"$524,900",RE/MAX HALLMARK EXCELLENCE GROUP REALTY,613,913-4665,"$524,900"
"Lot 1503 WINSOME TERRACE|Ottawa, Ontario K4A4Y3",3 + 0,3,Tarek El Attar,Row / Townhouse,"$644,990",RE/MAX AFFILIATES CAPITAL PARTNERS,613,733-9494,"$644,990"
"811 AZURE STREET|Ottawa, Ontario K4A0T7",4 + 0,4,Sylvie Guillotte,House,"$869,900",RE/MAX HALLMARK REALTY GROUP,613,590-2956,"$869,900"
"FARMVIEW ROAD|Ottawa, Ontario K0A2H0",,0,Ron Bidgood,,"$1,075,000",ROYAL LEPAGE TEAM REALTY,613,795-1404,"$1,075,000"
"Lot 1503 WINSOME TERRACE|Ottawa, Ontario K4A4Y3",3 + 0,3,Tarek El Attar,Row / Townhouse,"$644,990",RE/MAX AFFILIATES CAPITAL PARTNERS,613,733-9494,"$644,990"
"811 AZURE STREET|Ottawa, Ontario K4A0T7",4 + 0,4,Sylvie Guillotte,House,"$869,900",RE/MAX HALLMARK REALTY GROUP,613,590-2956,"$869,900"
"4183 GREEN GABLES LANE|Gloucester, Ontario K1V2G1",2 + 2,3,Marnie Bennett,House,"$899,000",BENNETT PROPERTY SHOP REALTY,613,233-8606,"$899,000"
"Lot 0001 PERSEUS AVENUE|Ottawa, Ontario K2J6S7",4 + 0,3,Tarek El Attar,House,"$782,990",RE/MAX AFFILIATES CAPITAL PARTNERS,613,733-9494,"$782,990"
"115 PORT ELMSLEY ROAD|Port Elmsley, Ontario K7H3C7",3 + 0,3,Tanya Evoy,House,"$459,000",RE/MAX AFFILIATES REALTY LTD.,613,285-4214,"$459,000"
"60 UNION STREET|Smiths Falls, Ontario K7A4S7",2 + 0,1,John Gray,House,"$379,900",RE/MAX AFFILIATES REALTY LTD.,613,868-6068,"$379,900"
"961 MESSOR CRESCENT|Ottawa, Ontario K2S0L7",3 + 0,3,Ryan Rogers,Row / Townhouse,"$595,000",GRAPE VINE REALTY INC.,613,282-2077,"$595,000"
"67 GOLDFINCH DRIVE|Ottawa, Ontario K2M2P5",2 + 1,3,Meagan Milloy,Row / Townhouse,"$699,900",RE/MAX HALLMARK REALTY GROUP,613,302-6007,"$699,900"
"2166 RUSHTON ROAD|Ottawa, Ontario K2A1N7",3 + 1,2,Braden McLean,House,"$879,900",RE/MAX AFFILIATES REALTY LTD.,613,866-9167,"$879,900"
"2871 RICHMOND ROAD UNIT#410|Ottawa, Ontario K2B8M5",2 + 0,2,Kam Gilani,Apartment,"$329,900",CENTURY 21 ACTION POWER TEAM LTD.,613,617-2499,"$329,900"
"276 KINGHAVEN CRESCENT|Ottawa, Ontario K2M0C1",2 + 0,2,Andrew Clark,House,"$499,900",RE/MAX AFFILIATES REALTY LTD.,613,889-7056,"$499,900"
"14 MOORSIDE PRIVATE PT|Ottawa, Ontario K2C3P4",3 + 1,3,LI LIU,Row / Townhouse,"$499,900",HOMELIFE LANDMARK REALTY INC.,905,305-1600,"$499,900"
"143 FANSHAW AVENUE|Ottawa, Ontario K1H6C8",3 + 0,3,Casey McGowan,House,"$849,900",RE/MAX AFFILIATES REALTY LTD.,613,878-5831,"$849,900"
"14 MOORSIDE PRIVATE PT|Ottawa, Ontario K2C3P4",3 + 1,3,LI LIU,Row / Townhouse,"$499,900",HOMELIFE LANDMARK REALTY INC.,905,305-1600,"$499,900"
"276 KINGHAVEN CRESCENT|Ottawa, Ontario K2M0C1",2 + 0,2,Andrew Clark,House,"$499,900",RE/MAX AFFILIATES REALTY LTD.,613,889-7056,"$499,900"
"373 Rue de Ste-Maxime|Gatineau (Gatineau), Quebec J8T8E6",3,2,Benoit Brunet,House,"$519,900",Royal LePage Vallée de l'Outaouais,819,210-8670,"$519,900"
"75 Rue de Beausoleil|Gatineau (Gatineau), Quebec J8T7G9",3,2,Mathieu Mili,House,"$599,900",RE/MAX VISION,819,593-0115,"$599,900"
"12 Rue de Monte-Carlo|Gatineau (Gatineau), Quebec J8T5K6",4,2,Yannick Arseneault,House,"$599,900",RE/MAX VISION,819,360-6967,"$599,900"
"6362 BILBERRY DRIVE UNIT#15|Ottawa, Ontario K1C4P7",2 + 0,2,Omar Hashem,Row / Townhouse,"$350,000",LOTFUL REALTY,613,867-7669,"$350,000"
"Lot 1502 WINSOME TERRACE|Ottawa, Ontario K4A4Y3",3 + 0,3,Tarek El Attar,Row / Townhouse,"$636,990",RE/MAX AFFILIATES CAPITAL PARTNERS,613,733-9494,"$636,990"
"205 EDEY STREET|Arnprior, Ontario K7S3G8",2 + 0,2,April Mohr,House,"$499,900",ROYAL LEPAGE TEAM REALTY,613,857-3423,"$499,900"
"555 BRITTANY DRIVE UNIT#1004|Ottawa, Ontario K1K4C5",2 + 0,2,Dan Mayer,Apartment,"$279,900",ROYAL LEPAGE PERFORMANCE REALTY,613,315-8363,"$279,900"
"1361 ROUTE 500 ROUTE|Embrun, Ontario K0A1W0",3 + 0,3,Maggie Tessier,House,"$689,900",EXIT REALTY MATRIX,613,443-4300,"$689,900"
"983 COVE ISLAND TERRACE|Ottawa, Ontario K1V1R4",3 + 0,3,Lisa Hopkyns,Row / Townhouse,"$574,900",ROYAL LEPAGE TEAM REALTY,613,227-1773,"$574,900"
"82 FIELDROW STREET|Ottawa, Ontario K2G2Y9",3 + 0,2,Jenna Swinwood,House,"$500,000",RE/MAX HALLMARK JENNA & CO. GROUP REALTY,613,699-2079,"$500,000"
"36 CARR PLACE|Kanata, Ontario K2K1K7",5 + 0,3,Geoff McGowan,House,"$900,000",RE/MAX AFFILIATES GEOFF&BOBBIE MCGOWAN,613,769-2183,"$900,000"
"3205 UPLANDS DRIVE UNIT#45|Ottawa, Ontario K1V9T4",3 + 0,3,Vanya Lazovic,Row / Townhouse,"$439,000",ROYAL LEPAGE PERFORMANCE REALTY,613,859-9100,"$439,000"
"1361 ROUTE 500 ROUTE|Embrun, Ontario K0A1W0",3 + 0,3,Maggie Tessier,House,"$689,900",EXIT REALTY MATRIX,613,443-4300,"$689,900"
"2456 6TH LINE ROAD|Beckwith, Ontario K7A4S7",3 + 1,3,Tanya Evoy,House,"$699,000",RE/MAX AFFILIATES REALTY LTD.,613,285-4214,"$699,000"
"998 SHIMMERTON CIRCLE|Ottawa, Ontario K2M0L4",3 + 1,4,Paula Moloney,House,"$724,900",ENGEL & VOLKERS OTTAWA CENTRAL,613,698-7654,"$724,900"
"298 ESPIN HEIGHTS|Ottawa, Ontario K2J0Y8",2 + 0,2,David Steen,House,"$399,900",ROYAL LEPAGE PERFORMANCE REALTY,613,266-4299,"$399,900"
"100 RATHWELL ROAD|Perth, Ontario K7H3C7",3 + 0,2,LORALEE CARRUTHERS,House,"$999,995",CENTURY 21 RIVER'S EDGE LTD.,613,918-0321,"$999,995"
"1585 RAMAR LANE|Metcalfe, Ontario K0A2P0",3 + 2,4,Chris Steeves,House,"$949,900",EXP REALTY,613,262-1697,"$949,900"
"54 ROSEGARDEN CRESCENT|Ottawa, Ontario K1T3A9",3 + 0,3,Joanne Goneau,House,"$599,900",RE/MAX ABSOLUTE REALTY INC.,613,851-5982,"$599,900"
"311 ST GUILLAUME ROAD|Russell, Ontario K0A3H0",3 + 0,2,Greg Hamre,House,"$750,000",RE/MAX AFFILIATES REALTY LTD.,613,277-7712,"$750,000"
"16 Rue Lemoyne|Gatineau (Gatineau), Quebec J8T3X3",2,2,Alexandre Hamel,House,"$372,000",RE/MAX DIRECT INC.,819,635-4344,"$372,000"
"1777 TRAPPIST LANE|Orleans, Ontario K1C1X7",3 + 0,2,James Blaskie,Row / Townhouse,"$382,900",RE/MAX HALLMARK REALTY GROUP,613,286-8938,"$382,900"
"19 PROVENDER STREET|Ottawa, Ontario K1K4N3",3 + 0,2,Gabriel de Varennes,Row / Townhouse,"$550,000",ROYAL LEPAGE PERFORMANCE REALTY,613,720-0490,"$550,000"
"1435 BEDEQUE COURT|Orleans, Ontario K1C3H2",4 + 0,3,Catherine Joyce,House,"$724,900",LOCKE REAL ESTATE INC.,613,296-3169,"$724,900"
"260 BRITTANY DRIVE UNIT#107|Ottawa, Ontario K1K4M2",1 + 0,1,Miguel Vidal,Apartment,"$249,900",SOLID ROCK REALTY,613,324-3818,"$249,900"
"200 TITANIUM PRIVATE UNIT#403|Ottawa, Ontario K1C0B9",1 + 0,1,Adam Mills,Apartment,"$349,900",ROYAL LEPAGE TEAM REALTY ADAM MILLS,613,825-7653,"$349,900"
"3010 QUILLIVAN LANE|Ottawa, Ontario K4C1A9",4 + 2,4,Greg Hamre,House,"$925,000",RE/MAX AFFILIATES REALTY LTD.,613,277-7712,"$925,000"
"146 GRAINSTONE WAY|Kanata, Ontario K2T0H3",4 + 0,4,Lei Guo,House,"$1,499,900",ROYAL LEPAGE TEAM REALTY,613,986-7089,"$1,499,900"
"1263 EMPEROR AVENUE|Ottawa, Ontario K1Z8C4",3 + 0,2,Tara Graff,Row / Townhouse,"$524,900",ROYAL LEPAGE TEAM REALTY,613,825-7653,"$524,900"
"80 SANDCASTLE DRIVE UNIT#813|Ottawa, Ontario K2H9E7",2 + 0,2,John King,Apartment,"$339,000",ENGEL & VOLKERS OTTAWA CENTRAL,613,422-8688,"$339,000"
"1200 PLANTE DRIVE|Ottawa, Ontario K1V9G1",3 + 0,3,Suzanne Labonte,House,"$750,000",ROYAL LEPAGE PERFORMANCE REALTY,613,608-0304,"$750,000"
"112 THERESA PRIVATE|Ottawa, Ontario K1V0E7",3 + 0,3,Paul Rushforth,Row / Townhouse,"$385,000",PAUL RUSHFORTH REAL ESTATE INC.,613,788-2122,"$385,000"
"112 COLBORNE STREET E|Merrickville, Ontario K0G1N0",3 + 0,2,Anita deVries Bonneau,House,"$749,900",ROYAL LEPAGE TEAM REALTY,613,299-1547,"$749,900"
"112 COLBORNE STREET E|Merrickville, Ontario K0G1N0",3 + 0,2,Anita deVries Bonneau,House,"$749,900",ROYAL LEPAGE TEAM REALTY,613,299-1547,"$749,900"
"17 CHESTER CRESCENT|Ottawa, Ontario K2J2J6",3 + 0,3,Franco Ippolito,House,"$699,998",RE/MAX HALLMARK REALTY GROUP,613,222-1633,"$699,998"
"233 Rue Arthur-Quesnel|Gatineau (Aylmer), Quebec J9H7T8",3,2,Pascal Landry-Bourque,House,"$649,900",RE/MAX VISION - Hull,819,328-2964,"$649,900"
"1156 SHILLINGTON AVENUE|Ottawa, Ontario K1Z7Z4",3 + 0,3,Paul Rushforth,House,"$699,000",PAUL RUSHFORTH REAL ESTATE INC.,613,788-2122,"$699,000"
"381 SUNNYSIDE AVENUE|Ottawa, Ontario K1S0S3",2 + 0,1,Trudy Van Dyke,Row / Townhouse,"$749,900",ROYAL LEPAGE PERFORMANCE REALTY,613,761-3398,"$749,900"
"1465 BASELINE ROAD UNIT#1216|Ottawa, Ontario K2C3L9",2 + 0,1,John Gomes,Apartment,"$319,000",ROYAL LEPAGE PERFORMANCE REALTY,613,851-1757,"$319,000"
"324 NESTLETON AVENUE|Ottawa, Ontario K4A0A4",3 + 1,4,Burim Gashi,House,"$779,900",EXIT EXCEL REALTY,613,558-1410,"$779,900"
"1215 EMPEROR AVENUE|Ottawa, Ontario K1Z8C3",3 + 0,2,Jan Carter Lea,House,"$599,900",ROYAL LEPAGE TEAM REALTY,613,552-0734,"$599,900"
"23 MCDERMOT COURT|Ottawa, Ontario K2L3V2",2 + 1,2,Bailey Ronberg,Row / Townhouse,"$349,000",EXIT REALTY VISION,613,223-8786,"$349,000"
"4191 WILLIAM STREET|Brinston, Ontario K0E1C0",2 + 0,3,Maleeha Peterson,House,"$499,900",RE/MAX DELTA REALTY TEAM,613,762-5575,"$499,900"
"8044 CRAIG FARM DRIVE|Ottawa, Ontario K0A2P0",4 + 0,3,Mark Di Salvo,House,"$899,900",COLDWELL BANKER RHODES & COMPANY,613,850-4168,"$899,900"
"815 KENNACRAIG PRIVATE|Ottawa, Ontario K2J5T5",3 + 0,3,Nim Moussa,Row / Townhouse,"$599,900",RE/MAX HALLMARK REALTY GROUP,613,298-6461,"$599,900"
"124 Rue Sherbrooke|Gatineau (Hull), Quebec J8Y2L1",3,2,Joshua Herring,House,"$299,900",RE/MAX DIRECT INC.,613,325-6468,"$299,900"
"228 Rue Victor-Hugo|Gatineau (Gatineau), Quebec J8R3W3",4,1,Yannick Arseneault,House,"$449,900",RE/MAX VISION,819,360-6967,"$449,900"
"8 Ch. du Village|Val-des-Monts, Quebec J8N7L5",4,2,Marc Richard,House,"$499,900",RE/MAX VISION,819,213-3962,"$499,900"
"3535 ST JOSEPH BOULEVARD UNIT#61|Ottawa, Ontario K4A0Z6",2 + 0,1,Heather Meunier,Modular,"$199,000",KELLER WILLIAMS INTEGRITY REALTY,613,761-8343,"$199,000"
"12 ASHWOOD CRESCENT|Ottawa, Ontario K2G2S8",,0,Geoff Church,,"$975,000",ROYAL LEPAGE PERFORMANCE REALTY,613,229-9140,"$975,000"
"12 ASHWOOD CRESCENT|Ottawa, Ontario K2G2S8",3 + 0,1,Geoff Church,House,"$975,000",ROYAL LEPAGE PERFORMANCE REALTY,613,229-9140,"$975,000"
"400 WARMSTONE DRIVE|Kanata, Ontario K2S0W5",3 + 0,4,Helen Tang,House,"$700,000",KELLER WILLIAMS INTEGRITY REALTY,613,762-4345,"$700,000"
"213 DUTCHMANS WAY|Ottawa, Ontario K2J5W5",3 + 1,4,Jeffrey Usher,House,"$650,000",GRAPE VINE REALTY INC.,613,829-1000,"$650,000"
"769 HAZELNUT CRESCENT|Ottawa, Ontario K1T0K3",3 + 0,3,Devin March,Row / Townhouse,"$679,900",DIGI BROKERAGE,613,852-8530,"$679,900"
"136 ACACIA AVENUE|Ottawa, Ontario K1M0R1",5 + 0,4,Marilyn Wilson,House,"$2,280,000",MARILYN WILSON DREAM PROPERTIES INC.,613,842-5000,"$2,280,000"
"172 Rue Nelligan|Gatineau (Gatineau), Quebec J8T6J9",3,2,Joël Simard,House,"$399,900",RE/MAX DIRECT INC. - Gatineau,819,360-3184,"$399,900"
"11 Rue Lévesque|Gatineau (Hull), Quebec J8Y4V7",3,1,Simon Laroche,Fourplex,"$859,900",RE/MAX VISION,819,598-7556,"$859,900"
"146 Boul. de l'Amérique-Française|#A|Gatineau (Aylmer), Quebec J9J0Z1",2,1,Caroline Bertrand,Apartment,"$319,000",ENGEL & VÖLKERS OUTAOUAIS,819,968-1881,"$319,000"
"1087 YORKS CORNERS ROAD|Edwards, Ontario K0A1V0",1 + 0,2,Emily Blanchard,House,"$474,927",ROYAL LEPAGE TEAM REALTY,613,774-4253,"$474,927"
"1794 KERR AVENUE|Ottawa, Ontario K2A1J1",3 + 0,2,Robert Kearns,House,"$695,000",ROYAL LEPAGE PERFORMANCE REALTY,613,238-2801,"$695,000"
"125 PRIAM WAY|Ottawa, Ontario K2H8S7",4 + 0,3,Karen Kristine,House,"$679,900",SUTTON GROUP - OTTAWA REALTY,613,868-2570,"$679,900"
"10 COVINGTON PLACE|Ottawa, Ontario K2G6B3",3 + 0,3,Serge Papineau,Row / Townhouse,"$629,900",RE/MAX HALLMARK REALTY GROUP,613,868-6652,"$629,900"
"38 THIRD AVENUE|Ottawa, Ontario K1S2J8",3 + 0,4,Robert Marland,Row / Townhouse,"$1,050,000",ROYAL LEPAGE PERFORMANCE MARLAND REALTY,613,769-9157,"$1,050,000"
"101 QUEEN STREET UNIT#1501|Ottawa, Ontario K1P5C7",1 + 0,1,Hamid Riahi,Apartment,"$739,000",POWER MARKETING REAL ESTATE INC.,613,860-7355,"$739,000"
"320 MIWATE PRIVATE UNIT#101|Ottawa, Ontario K1R0E1",2 + 0,2,Irina Popova,Apartment,"$989,900",BLUE PANDA REALTY INC.,613,883-2513,"$989,900"
"320 MIWATE PRIVATE UNIT#104|Ottawa, Ontario K1R6K8",2 + 0,2,Irina Popova,Apartment,"$820,900",BLUE PANDA REALTY INC.,613,883-2513,"$820,900"
"234 RIDEAU STREET UNIT#2602|Ottawa, Ontario K1N0A9",1 + 0,1,Josee Pasian,Apartment,"$494,900",ROYAL LEPAGE TEAM REALTY,613,692-2555,"$494,900"
"797 EASTVALE DRIVE|Gloucester, Ontario K1J6Z9",4 + 0,2,Marnie Bennett,House,"$475,000",BENNETT PROPERTY SHOP REALTY,613,233-8606,"$475,000"
"10-182 DALLAIRE ROAD|Rockland, Ontario K4K1K7",3 + 0,2,Angelo Toscano,House,"$879,900",RE/MAX DELTA REALTY TEAM,613,830-0000,"$879,900"
"234 RIDEAU STREET UNIT#2602|Ottawa, Ontario K1N0A9",1 + 0,1,Josee Pasian,Apartment,"$494,900",ROYAL LEPAGE TEAM REALTY,613,692-2555,"$494,900"
"12 PHILOSOPHER PRIVATE|Ottawa, Ontario K1S5P7",3 + 0,3,Marnie Bennett,House,"$1,299,000",BENNETT PROPERTY SHOP REALTY,613,233-8606,"$1,299,000"
"34 SHEPPARD'S GLEN AVENUE|Ottawa, Ontario K2M2M9",3 + 0,3,Jorge Iznardo,Row / Townhouse,"$599,000",WAYBRIDGE REALTY INC.,819,319-9617,"$599,000"
"131 HALLEY STREET|Ottawa, Ontario K2J3R8",3 + 0,3,Melanie Steward,Row / Townhouse,"$550,000",RE/MAX AFFILIATES REALTY LTD.,613,324-6363,"$550,000"
"797 EASTVALE DRIVE|Gloucester, Ontario K1J6Z9",4 + 0,2,Marnie Bennett,House,"$475,000",BENNETT PROPERTY SHOP REALTY,613,233-8606,"$475,000"
"10-182 DALLAIRE ROAD|Rockland, Ontario K4K1K7",3 + 0,2,Angelo Toscano,House,"$879,900",RE/MAX DELTA REALTY TEAM,613,830-0000,"$879,900"
"171 Rue Gamelin|Gatineau (Hull), Quebec J8Y1W1",5,2,Jonathan Doucet,Duplex,"$434,900",VIA CAPITALE DIAMANT,819,923-9993,"$434,900"
"8 Ch. du Havre|Val-des-Monts, Quebec J8N0B4",5,3,Jenna Rees,House,"$689,900",KELLER WILLIAMS DISTINCTION,819,962-2023,"$689,900"
"198 Rue Bourque|Gatineau (Hull), Quebec J8Y1Y4",4,3,Jonathan Cossette,House,"$369,900",Royal LePage Vallée de l'Outaouais,819,319-1244,"$369,900"
"121 Rue des Pins-Blancs|Gatineau (Masson-Angers), Quebec J8M1S3",4,2,Paul Lamarche,House,"$294,900",Royal LePage Vallée de l'Outaouais,819,664-2115,"$294,900"
"378 VALADE CRESCENT|Ottawa, Ontario K4A2V8",3 + 0,2,Mathieu Gignac,Row / Townhouse,"$449,900",ROYAL LEPAGE PERFORMANCE REALTY,613,601-7499,"$449,900"
"2147 JENNINGS ROAD|Winchester, Ontario K0E1S0",2 + 2,3,JANET EATON,House,"$2,295,000",RE/MAX HOMETOWN REALTY INC.,613,341-1501,"$2,295,000"
"312 Av. des Calèches|Gatineau (Aylmer), Quebec J9J2M1",4,1,Mathieu Allard,House,"$399,900",RE/MAX DIRECT INC.,613,277-8111,"$399,900"
"152 Boul. de Lucerne|#PH4|Gatineau (Hull), Quebec J8A3V8",2,2,Marty Waite,Apartment,"$524,900",RE/MAX DIRECT INC.,819,665-0033,"$524,900"
"2078 ORIENT PARK DRIVE|Gloucester, Ontario K1B4V9",3 + 0,2,Drake Beauchamp,Row / Townhouse,"$399,900",COLDWELL BANKER FIRST OTTAWA REALTY,613,355-0893,"$399,900"
"1077 REDTAIL PRIVATE UNIT#28|Ottawa, Ontario K1J0A9",2 + 0,2,Josh Eyking,House,"$399,000",RE/MAX HALLMARK EYKING GROUP REALTY LTD,613,889-3457,"$399,000"
"508 PARADE DRIVE|Ottawa, Ontario K2S0X7",4 + 0,4,Jason Spartalis,House,"$949,900",RE/MAX AFFILIATES BOARDWALK,613,266-2460,"$949,900"
"134 STEDMAN STREET|Ottawa, Ontario K1T0B4",3 + 1,3,Jeff Matheson,Row / Townhouse,"$637,900",EXP REALTY,613,404-5700,"$637,900"
"2592 CROSSCUT TERRACE|Ottawa, Ontario K1T4A1",3 + 0,4,Nim Moussa,Row / Townhouse,"$519,900",RE/MAX HALLMARK REALTY GROUP,613,298-6461,"$519,900"
"2375 STONEY LANE|Ottawa, Ontario K4C1B9",3 + 1,3,Maxime Grondin,House,"$1,100,000",ROYAL LEPAGE PERFORMANCE REALTY,613,324-2553,"$1,100,000"
"89 CRICHTON STREET|Ottawa, Ontario K1M1V8",3 + 0,2,Chad Clost,House,"$849,900",ENGEL & VOLKERS OTTAWA CENTRAL,613,324-7355,"$849,900"
"406 Av. du Cheval-Blanc|Gatineau (Gatineau), Quebec J8P6P5",3,1,Jacques Durocher,House,"$309,900",Royal LePage Vallée de l'Outaouais,819,281-0330,"$309,900"
"3 Ch. Davidson|Chelsea, Quebec J9B2M1",1,0,Guillaume Tremblay,House,"$299,900",ENGEL & VÖLKERS OUTAOUAIS,819,210-1179,"$299,900"
"1816 ROBINWOOD PLACE|Ottawa, Ontario K1C6L3",3 + 0,3,Rocco Manfredi,House,"$979,000",ROYAL LEPAGE TEAM REALTY,613,552-5300,"$979,000"
"1816 ROBINWOOD PLACE|Ottawa, Ontario K1C6L3",3 + 0,3,Rocco Manfredi,House,"$979,000",ROYAL LEPAGE TEAM REALTY,613,552-5300,"$979,000"
"406 WISTERIA CRESCENT|Ottawa, Ontario K1V0P1",3 + 0,3,Wang Meng,Row / Townhouse,"$539,900",ROYAL LEPAGE TEAM REALTY,,,"$539,900"
"440 RAMSAY CONCESSION 8 ROAD|Almonte, Ontario K7C3P1",1 + 2,3,Laura Keller,House,"$550,000",RE/MAX AFFILIATES REALTY LTD.,613,558-7253,"$550,000"
"1227 LAFORTUNE DRIVE|Winchester, Ontario K0C2K0",3 + 0,2,Antonella Holmes,House,"$599,900",ROYAL LEPAGE TEAM REALTY,613,769-1516,"$599,900"
"23 VICTORIA AVENUE|Kemptville, Ontario K0G1J0",4 + 0,3,Melissa Fascio,House,"$558,300",KELLER WILLIAMS INTEGRITY REALTY,343,202-3535,"$558,300"
"13 FERNE CRESCENT|Smiths Falls, Ontario K7A5B5",3 + 0,3,Andrea Geauvreau,Row / Townhouse,"$489,900",PLACEZ REALTY,613,296-3309,"$489,900"
"77 Rue Deschênes|Gatineau (Aylmer), Quebec J9H1N8",1,1,Marty Waite,House,"$269,900",RE/MAX DIRECT INC.,819,665-0033,"$269,900"
"19 Rue Paul-Verlaine|Gatineau (Aylmer), Quebec J9J2P4",3,2,Eric Boissonneault,House,"$649,000",RE/MAX DIRECT INC.,819,431-4942,"$649,000"
"1025 RICHMOND ROAD UNIT#2801|Ottawa, Ontario K2B8G8",3 + 0,2,Debra Cherry,Apartment,"$499,900",ENGEL & VOLKERS OTTAWA CENTRAL,613,875-7929,"$499,900"
"261 BOTANICA PRIVATE UNIT#64|Ottawa, Ontario K1Y4P9",2 + 0,2,Barbara Polowin,Apartment,"$580,000",SUTTON GROUP - OTTAWA REALTY,613,769-2406,"$580,000"
"1505 BASELINE ROAD N UNIT#502|Ottawa, Ontario K2C3L4",3 + 0,2,Cathy Burton,Apartment,"$349,000",COLDWELL BANKER FIRST OTTAWA REALTY,613,292-3922,"$349,000"
"3700 REVELSTOKE DRIVE|Ottawa, Ontario K1V7C4",3 + 0,2,George Prazmowski,House,"$1,500,000",ROYAL LEPAGE TEAM REALTY,613,322-6741,"$1,500,000"
"530 LAURIER AVENUE W UNIT#1704|Ottawa, Ontario K1R7T1",1 + 0,1,Maha Shahbazian,Apartment,"$285,000",RE/MAX HALLMARK REALTY GROUP,613,862-6242,"$285,000"
"11687 ARMSTRONG ROAD|Winchester, Ontario K0C2K0",2 + 1,2,Maggie Tessier,House,"$829,900",EXIT REALTY MATRIX,613,443-4300,"$829,900"
"387 PICKFORD DRIVE|Kanata, Ontario K2L3P3",3 + 0,3,Jenna Swinwood,Row / Townhouse,"$460,000",RE/MAX HALLMARK JENNA & CO. GROUP REALTY,613,699-2079,"$460,000"
"10 DAYBREAK STREET UNIT#B|Ottawa, Ontario K2G6T9",2 + 0,2,Patricia Glover,House,"$524,900",RE/MAX HALLMARK REALTY GROUP,613,852-2151,"$524,900"
"200 INLET PRIVATE UNIT#1002|Orleans, Ontario K4A5H3",2 + 0,2,Abdul Laayar,Apartment,"$739,900",PURPLEBRICKS,866,336-9637,"$739,900"
"652 LOUIS TOSCANO DRIVE|Ottawa, Ontario K4A1A9",3 + 0,3,Chris Millette,Row / Townhouse,"$578,900",RE/MAX HALLMARK REALTY GROUP,613,884-5544,"$578,900"
"91 Rue d'Auvergne|Gatineau (Gatineau), Quebec J8T1H9",3,2,Eric Gauthier,House,"$439,000",Royal LePage Vallée de l'Outaouais,613,852-0148,"$439,000"
"13 Rue Gratton|Gatineau (Hull), Quebec J8Y4W8",3,1,Claude Beauregard,House,"$275,000",RE/MAX DIRECT INC. - Gatineau,819,743-1480,"$275,000"
"16 Mtée Juniper|Chelsea, Quebec J9B1T4",3,2,Daniela Tanase Ichim,House,"$495,000",L'EXPERT IMMOBILIER P.M. INC. - Outaouais,514,995-9676,"$495,000"
"1106 Ch. de la Montagne|Gatineau (Aylmer), Quebec J9J3S1",3,3,Daniel Cayer,House,"$975,000",Royal LePage Vallée de l'Outaouais,819,661-4784,"$975,000"
"247-249 Boul. St-René E.|Gatineau (Gatineau), Quebec J8P2X4",5,3,Michel Desjardins,House,"$329,000",Royal LePage Vallée de l'Outaouais,819,664-9224,"$329,000"
"703 MASHKIG AVENUE|Orleans, Ontario K4A0Y7",4 + 0,3,Christopher Blenkiron,House,"$999,000",RE/MAX HALLMARK EXCELLENCE GROUP REALTY,613,913-4665,"$999,000"
"4981 FLAGG ROAD|Iroquois, Ontario K0E1K0",2 + 0,1,Brandy Burns,House,"$425,000",RE/MAX HALLMARK REALTY GROUP,613,246-1600,"$425,000"
"40 NEPEAN STREET UNIT#507|Ottawa, Ontario K2P0X4",2 + 0,2,Sepehr Safaee,Apartment,"$649,900",KELLER WILLIAMS INTEGRITY REALTY,613,769-9302,"$649,900"
"11 OBLATS AVENUE UNIT#213|Ottawa, Ontario K1S1C1",2 + 0,2,Marnie Bennett,Apartment,"$799,900",BENNETT PROPERTY SHOP REALTY,613,233-8606,"$799,900"
"534 HILSON AVENUE|Ottawa, Ontario K1Z6C8",3 + 0,2,Serge Papineau,House,"$939,900",RE/MAX HALLMARK REALTY GROUP,613,868-6652,"$939,900"
"64 METROPOLE PRIVATE|Ottawa, Ontario K1Z1G1",3 + 0,3,Susan Chell,Row / Townhouse,"$742,900",RE/MAX HALLMARK REALTY GROUP,613,563-1717,"$742,900"
"199 KENT STREET UNIT#1808|Ottawa, Ontario K2P2K8",2 + 0,1,Paul Franchuk,Apartment,"$399,900",RE/MAX HALLMARK REALTY GROUP,613,852-0395,"$399,900"
"2250 COTTERS CRESCENT UNIT#116|Ottawa, Ontario K1V8Y6",3 + 0,3,Kathy McVeigh,Row / Townhouse,"$389,900",ROYAL LEPAGE PERFORMANCE REALTY,613,859-7494,"$389,900"
"146 HINTON NORTH AVENUE|Ottawa, Ontario K1Y1A1",3 + 0,3,Margo Lindsay,House,"$929,000",ROYAL LEPAGE TEAM REALTY,613,795-6274,"$929,000"
"1100 AMBLESIDE DRIVE UNIT#507|Ottawa, Ontario K2B8G6",2 + 0,1,Joanne James,Apartment,"$314,900",RE/MAX HALLMARK REALTY GROUP,613,203-4000,"$314,900"
"1287 COBDEN ROAD|Ottawa, Ontario K2C3A4",2 + 2,2,Lei Guo,House,"$729,900",ROYAL LEPAGE TEAM REALTY,613,986-7089,"$729,900"
"6192 FALLOWFIELD ROAD|Stittsville, Ontario K2S1B8",4 + 0,2,Paul J. Bourque,House,"$699,000",KELLER WILLIAMS INTEGRITY REALTY,613,324-5959,"$699,000"
"40 BARN SWALLOW PRIVATE|Ottawa, Ontario K4M0H5",3 + 0,3,Dong Donna Sun,Row / Townhouse,"$499,000",ROYAL LEPAGE PERFORMANCE REALTY,613,266-1352,"$499,000"
"1100 AMBLESIDE DRIVE UNIT#507|Ottawa, Ontario K2B8G6",2 + 0,1,Joanne James,Apartment,"$314,900",RE/MAX HALLMARK REALTY GROUP,613,203-4000,"$314,900"
"9 CHARNWOOD COURT|Ottawa, Ontario K2E7C9",4 + 0,3,Stacey Gibbs,House,"$724,000",COLDWELL BANKER RHODES & COMPANY,613,236-9551,"$724,000"
"1287 COBDEN ROAD|Ottawa, Ontario K2C3A4",2 + 2,2,Lei Guo,House,"$729,900",ROYAL LEPAGE TEAM REALTY,613,986-7089,"$729,900"
"40 BARN SWALLOW PRIVATE|Ottawa, Ontario K4M0H5",3 + 0,3,Dong Donna Sun,Row / Townhouse,"$499,000",ROYAL LEPAGE PERFORMANCE REALTY,613,266-1352,"$499,000"
"6192 FALLOWFIELD ROAD|Stittsville, Ontario K2S1B8",4 + 0,2,Paul J. Bourque,House,"$699,000",KELLER WILLIAMS INTEGRITY REALTY,613,324-5959,"$699,000"
"62 DRAGON PARK DRIVE|Nepean, Ontario K2J0H1",4 + 0,4,Marnie Bennett,House,"$1,170,000",BENNETT PROPERTY SHOP REALTY,613,233-8606,"$1,170,000"
"280 GRACEWOOD CRESCENT|Ottawa, Ontario K1T0J1",4 + 0,3,Mike Scerbo,House,"$929,000",FIDACITY REALTY,613,222-9915,"$929,000"
"49 PALMADEO DRIVE|Ottawa, Ontario K2J4Z3",3 + 0,3,Geoff Walker,Row / Townhouse,"$595,000",RE/MAX ABSOLUTE WALKER REALTY,613,422-2055,"$595,000"
"224 LYON STREET UNIT#404|Ottawa, Ontario K1R0C1",1 + 0,1,Stephanie Cartwright,Apartment,"$393,000",ENGEL & VOLKERS OTTAWA CENTRAL,613,296-6708,"$393,000"
"217 ARMSTRONG STREET|Ottawa, Ontario K1Y2W3",2 + 0,1,Natalie McGuire,House,"$629,900",ROYAL LEPAGE TEAM REALTY NATALIE MCGUIRE HOME TEAM,613,859-8474,"$629,900"
"881 PINECREST ROAD|Ottawa, Ontario K2B6B1",6 + 0,4,Reed Allen,House,"$1,000,000",RE/MAX HALLMARK REALTY GROUP,613,762-7818,"$1,000,000"
"146 Rue Brodeur|Gatineau (Hull), Quebec J8Y2R2",3,2,Yann Quéré,House,"$339,900",RE/MAX VISION - Hull,819,282-9213,"$339,900"
"217 ARMSTRONG STREET|Ottawa, Ontario K1Y2W3",2 + 0,1,Natalie McGuire,House,"$629,900",ROYAL LEPAGE TEAM REALTY NATALIE MCGUIRE HOME TEAM,613,859-8474,"$629,900"
"881 PINECREST ROAD|Ottawa, Ontario K2B6B1",6 + 0,4,Reed Allen,House,"$1,000,000",RE/MAX HALLMARK REALTY GROUP,613,762-7818,"$1,000,000"
"2239 IRIS STREET|Ottawa, Ontario K2C1B9",3 + 0,2,Ryan Cooper,House,"$549,900",ONE PERCENT REALTY LTD.,613,983-6258,"$549,900"
"1 SEYTON DRIVE UNIT#E|Ottawa, Ontario K2H8Y5",3 + 0,2,Randy Vandommelen,Row / Townhouse,"$379,900",RE/MAX ABSOLUTE REALTY INC.,613,220-9196,"$379,900"
"372 APHELION CRESCENT|Ottawa, Ontario K2J6N5",3 + 0,3,Steve Alexopoulos,Row / Townhouse,"$607,900",RE/MAX AFFILIATES CAPITAL PARTNERS,613,733-9494,"$607,900"
"85 HOBIN STREET|Ottawa, Ontario K2S1G8",4 + 0,3,Subhir Uppal,House,"$934,900",REDFIN,613,769-1254,"$934,900"
"24 PATRO STREET|Ottawa, Ontario K1N8B1",4 + 0,2,Ying Tian,House,"$699,000",ESTEEM REALTY INC.,613,979-7777,"$699,000"
"36 Rue du Renard|Cantley, Quebec J8V4C7",3,2,Jimmy Arseneault,House,"$479,800",RE/MAX VISION,819,664-7755,"$479,800"
"2044 ARROWSMITH DRIVE UNIT#208C|Ottawa, Ontario K1J7V8",2 + 0,1,Linda Pelletier,Apartment,"$224,900",HOMELIFE CAPITAL REALTY INC.,613,859-8869,"$224,900"
"199 SLATER STREET UNIT#609|Ottawa, Ontario K1P0C8",2 + 0,2,Gil Marques,Apartment,"$559,900",RE/MAX HALLMARK REALTY GROUP,613,851-3078,"$559,900"
"623 REARDON PRIVATE|Ottawa, Ontario K1V2K9",2 + 0,2,Leo Trudel,House,"$374,900",SUTTON GROUP - OTTAWA REALTY,613,808-6549,"$374,900"
"517 HARTLEIGH AVENUE|Ottawa, Ontario K2B5J5",,0,George Sterling,,"$395,000",ROYAL LEPAGE PERFORMANCE REALTY,613,733-9100,"$395,000"
"2209 RIVER ROAD|Kemptville, Ontario K0G1J0",3 + 0,2,Heather O'Neill,House,"$989,000",ROYAL LEPAGE PERFORMANCE REALTY,613,867-4663,"$989,000"
"29 FANTERRA WAY|Ottawa, Ontario K1T3Y7",4 + 2,4,Nezar Bekir,House,"$1,050,000",ROYAL LEPAGE PERFORMANCE REALTY,613,617-7191,"$1,050,000"
"324 LAURIER AVENUE UNIT#1501|Ottawa, Ontario K1N6P6",1 + 0,1,Amy Storie,Apartment,"$409,900",ROYAL LEPAGE TEAM REALTY,613,816-8000,"$409,900"
"158B MCARTHUR AVENUE UNIT#604|Ottawa, Ontario K1L8E7",2 + 0,1,Gary Shane,Apartment,"$240,000",RE/MAX HALLMARK REALTY GROUP,613,563-1155,"$240,000"
"179 LONGWORTH AVENUE|Ottawa, Ontario K1T0T2",4 + 0,3,Joanne Gauthier,Row / Townhouse,"$799,900",EQUITY ONE REAL ESTATE INC.,613,983-1186,"$799,900"
"11 Rue Jubilee|Gatineau (Aylmer), Quebec J9H4S9",3,1,Caroline Bertrand,House,"$1,388,000",ENGEL & VÖLKERS OUTAOUAIS,819,968-1881,"$1,388,000"
"850 CLAPHAM TERRACE|Ottawa, Ontario K2S2P1",3 + 0,3,Jagdeep Perhar,Row / Townhouse,"$699,000",ROYAL LEPAGE TEAM REALTY,613,720-4518,"$699,000"
"230 Ch. Freeman|#C|Gatineau (Hull), Quebec J8Z2B5",2,1,Nathalie Guindon,Apartment,"$199,900",RE/MAX VISION - Hull,819,328-3328,"$199,900"
"50 CROSBY PRIVATE|Ottawa, Ontario K4A0B8",0 + 2,3,Ryan Philippe,House,"$425,000",CENTURY 21 SYNERGY REALTY INC,613,818-9811,"$425,000"
"23 Rue de Munich|#1|Gatineau (Aylmer), Quebec J9J1N3",2,1,Eric Daveluy,Apartment,"$259,888",RE/MAX DIRECT INC. - Gatineau,819,962-6351,"$259,888"
"981 LAVIOLETTE STREET|Rockland, Ontario K4K1B9",2 + 2,2,Allister Beauchamp,House,"$549,900",KELLER WILLIAMS INTEGRITY REALTY,613,286-1267,"$549,900"
"215 GUIGUES AVENUE|Ottawa, Ontario K1N5J3",3 + 0,1,Shan Cappuccino,Row / Townhouse,"$574,900",ROYAL LEPAGE PERFORMANCE REALTY,613,276-7426,"$574,900"
"434 HARESFIELD COURT|Ottawa, Ontario K4M0B6",3 + 0,3,Lori A. Brown,Row / Townhouse,"$629,900",ROYAL LEPAGE TEAM REALTY,613,324-3603,"$629,900"
"109 RYLAND STREET|Ottawa, Ontario K2J6R1",3 + 0,3,Caroline Risi,House,"$899,900",KELLER WILLIAMS INTEGRITY REALTY,613,762-2698,"$899,900"
"24 DANIEL STREET|Smiths Falls, Ontario K7A1J3",4 + 0,2,PAULINE AUNGER,House,"$350,000",ROYAL LEPAGE ADVANTAGE REAL ESTATE LTD,613,285-9158,"$350,000"
"Rue de Percé|Gatineau (Gatineau), Quebec J8R2E6",,,Sylvie Potvin,,"$84,500",Century 21 ® Élite,819,921-4345,"$84,500"
"10 Rue de Munich|#11|Gatineau (Aylmer), Quebec J9J1N3",1,1,Pierre Bélanger,Apartment,"$169,900",RE/MAX DIRECT INC. - Gatineau,819,777-8888,"$169,900"
"2047 BREEZEWOOD STREET|Orleans, Ontario K4A4S3",3 + 0,3,Karyne Ibrahim,Row / Townhouse,"$569,900",PURPLEBRICKS,866,336-9637,"$569,900"
"201 BEEK ROAD|Merrickville, Ontario K0G1N0",6 + 0,4,Erica Young,House,"$889,000",ROYAL LEPAGE TEAM REALTY,613,619-5713,"$889,000"
"12350 COUNTY 18 ROAD|Williamsburg, Ontario K0C2H0",3 + 0,2,Emily Blanchard,House,"$365,000",ROYAL LEPAGE TEAM REALTY,613,774-4253,"$365,000"
"299 THOMAS STREET UNIT#106|Carleton Place, Ontario K7C4B8",0 + 2,2,Louise Gour,Apartment,"$199,900",ROYAL LEPAGE TEAM REALTY,613,862-8348,"$199,900"
"6789 MCCORDICK ROAD|North Gower, Ontario K0A2T0",2 + 0,2,Bonnie Jensen,House,"$675,000",RE/MAX HALLMARK REALTY GROUP,613,720-3050,"$675,000"
"36 LANCELOT STREET|Embrun, Ontario K0A1W0",3 + 0,2,Justin Wrigley,House,"$589,900",EXIT REALTY MATRIX,613,880-1607,"$589,900"
"214 TERRAVITA PRIVATE|Ottawa, Ontario K1V8Y9",2 + 0,2,Marnie Bennett,House,"$495,000",BENNETT PROPERTY SHOP REALTY,613,233-8606,"$495,000"
"178 KINGHAVEN CRESCENT|Ottawa, Ontario K2L1V4",3 + 0,3,Nancy Wright,Row / Townhouse,"$699,900",ROYAL LEPAGE TEAM REALTY,613,913-5451,"$699,900"
"2557 COUNTY ROAD 29 ROAD|Mississippi Mills, Ontario K0A2X0",3 + 0,2,Deborah Breen Whiting,House,"$279,000",ROYAL LEPAGE TEAM REALTY,613,857-0122,"$279,000"
"6157 MALAKOFF ROAD|Ottawa, Ontario K0A2Z0",3 + 0,2,Bonnie Jensen,House,"$679,900",RE/MAX HALLMARK REALTY GROUP,613,720-3050,"$679,900"
"17 Rue Boulay|Gatineau (Hull), Quebec J8Y4W6",,1,Joël Simard,Fourplex,"$399,900",RE/MAX DIRECT INC. - Gatineau,819,360-3184,"$399,900"
"2004 PLAINHILL DRIVE|Orleans, Ontario K4A0E6",4 + 0,4,Francois Tessier,House,"$849,900",CENTURY 21 SYNERGY REALTY INC,613,894-1801,"$849,900"
"475 LAURIER AVENUE UNIT#1703|Ottawa, Ontario K1R7X1",1 + 0,1,Arlene Kelly,Apartment,"$324,900",ZOLO REALTY,613,784-0498,"$324,900"
"198 Rue Kent|Gatineau (Hull), Quebec J8X3L3",2,1,Jimmy Arseneault,Duplex,"$399,900",RE/MAX VISION,819,664-7755,"$399,900"
"110 Boul. Moussette|Gatineau (Hull), Quebec J8Y5K3",3,2,Sébastien Fortier,House,"$349,900",VIA CAPITALE DIAMANT,819,962-1402,"$349,900"
"203 ESTURGEON STREET|Ottawa, Ontario K4A3W4",3 + 0,3,Angelo Toscano,House,"$699,900",RE/MAX DELTA REALTY TEAM,613,830-0000,"$699,900"
"285 Rue Champlain|Gatineau (Hull), Quebec J8X3S3",2,2,Mathieu Chénier,House,"$299,900",RE/MAX DIRECT INC. - Gatineau,819,210-1162,"$299,900"
"596 GAREAU STREET|Rockland, Ontario K4K1E1",3 + 0,2,Paul Rushforth,House,"$400,000",PAUL RUSHFORTH REAL ESTATE INC.,613,788-2122,"$400,000"
"76 Ch. Romanuk|Cantley, Quebec J8V0B6",2,1,Mathieu Arseneault,House,"$579,900",RE/MAX DIRECT INC. - Gatineau,819,664-0629,"$579,900"
"35Z Ch. de Larrimac|Chelsea, Quebec J9B2C4",,,John Macintyre,,"$359,000",Century 21 ® Élite,613,266-6224,"$359,000"
"1100 AMBLESIDE DRIVE UNIT#809|Ottawa, Ontario K2B8G6",2 + 0,1,Robert Kearns,Apartment,"$329,900",ROYAL LEPAGE PERFORMANCE REALTY,613,238-2801,"$329,900"
"116 ASSELIN STREET|Limoges, Ontario K0A2M0",3 + 0,2,Damion Pilgrim,Row / Townhouse,"$504,900",EXIT EXCEL REALTY,613,447-3839,"$504,900"
"1705 PLAYFAIR DRIVE UNIT#301|Ottawa, Ontario K1H8P6",2 + 0,2,Rose-Anne Freedman,Apartment,"$409,900",RE/MAX AFFILIATES REALTY LTD.,613,725-4564,"$409,900"
"1532 BEAVERPOND DRIVE UNIT#F|Ottawa, Ontario K1B3R9",3 + 0,2,Nafis Chowdhury,Row / Townhouse,"$339,900",AVENUE NORTH REALTY INC.,613,806-5984,"$339,900"
"158C MCARTHUR AVENUE UNIT#407|Ottawa, Ontario K1L8E7",3 + 0,1,Claude Jobin,Apartment,"$299,900",ROYAL LEPAGE TEAM REALTY,613,804-7979,"$299,900"
"21 MIDLAND CRESCENT UNIT#10|Ottawa, Ontario K2H8P6",4 + 0,3,Wassim Soweid,Row / Townhouse,"$429,800",COLDWELL BANKER FIRST OTTAWA REALTY,613,866-4467,"$429,800"
"771 BEAUREGARD CRESCENT|Orleans, Ontario K4A3C7",4 + 0,4,Michel Desnoyers,House,"$749,900",RE/MAX DELTA REALTY,613,223-8771,"$749,900"
"117 Ch. du Fer-à-Cheval|Gatineau (Masson-Angers), Quebec J8M1L9",3,2,Claude Parent,House,"$599,900",Royal LePage Vallée de l'Outaouais - Aylmer,819,775-6996,"$599,900"
"159 Rue du Merlot|Gatineau (Gatineau), Quebec J8R1S3",3,2,Yannick Arseneault,House,"$474,900",RE/MAX VISION,819,360-6967,"$474,900"
"281 Ch. Simmons|Gatineau (Aylmer), Quebec J9J3H6",,,Mathieu Allard,,"$249,900",RE/MAX DIRECT INC.,613,277-8111,"$249,900"
"212 Boul. St-Joseph|Gatineau (Hull), Quebec J8Y3X6",1,1,Steve Waters,Fourplex,"$675,000 +  GST +  QST",Royal LePage Vallée de l'Outaouais,613,889-2580,"$675,000 +  GST +  QST"
"560 CHAPMAN MILLS DRIVE UNIT#B|Ottawa, Ontario K2J0J2",2 + 0,3,Nick J. Kyte,House,"$398,800",COLDWELL BANKER FIRST OTTAWA REALTY,613,862-2012,"$398,800"
"13 SHANDON AVENUE|Ottawa, Ontario K2J4E1",3 + 1,4,Andrew Moore,House,"$749,900",ROYAL LEPAGE TEAM REALTY,613,324-3307,"$749,900"
"117 OXFORD STREET E|Kemptville, Ontario K0G1J0",,0,Hytham Atiyat,,"$249,900",ROYAL LEPAGE TEAM REALTY,613,262-1482,"$249,900"
"2903 GEORGIAN ROAD|South Mountain, Ontario K0E1W0",3 + 0,3,Emily Blanchard,House,"$599,900",ROYAL LEPAGE TEAM REALTY,613,774-4253,"$599,900"
"10333 SANDY CREEK ROAD|Brinston, Ontario K0E1C0",2 + 0,1,Emily Blanchard,House,"$499,900",ROYAL LEPAGE TEAM REALTY,613,774-4253,"$499,900"
"6161 PROVEN LINE ROAD|Richmond, Ontario K0A2Z0",3 + 0,2,Jennifer Biondi,House,"$899,900",KELLER WILLIAMS INTEGRITY REALTY,613,612-2094,"$899,900"
"530 LAURIER AVENUE W UNIT#1705|Ottawa, Ontario K1R7T1",2 + 0,2,Jeffrey Usher,Apartment,"$364,900",GRAPE VINE REALTY INC.,613,829-1000,"$364,900"
"915 ELMSMERE ROAD UNIT#502|Ottawa, Ontario K1J8H8",2 + 0,1,Josee Leger,Apartment,"$289,900",GRAPE VINE REALTY INC.,613,668-5174,"$289,900"
"89 Rue Brook|Gatineau (Aylmer), Quebec J9H2Y7",2,1,Vyncent Ledoux,House,"$250,000",RE/MAX VISION - Hull,819,593-1768,"$250,000"
"46 Rue de Lausanne|Gatineau (Gatineau), Quebec J8T6P8",2,2,Marcel Gaumond,Apartment,"$259,000",PROPRIO DIRECT,819,328-5985,"$259,000"
"184 LOUISA STREET|Ottawa, Ontario K1R6Z1",3 + 0,2,Marnie Bennett,House,"$720,000",BENNETT PROPERTY SHOP REALTY,613,233-8606,"$720,000"
"00 GLENVIEW ROAD|Smiths Falls, Ontario K7A4S4",,0,Ian Graham,,"$189,900",INNOVATION REALTY LTD.,613,296-4488,"$189,900"
"14 Rue de Bruxelles|#3|Gatineau (Aylmer), Quebec J9J0M3",1,1,Louise Bergeron,Apartment,"$215,000",VIA CAPITALE DIAMANT - Gatineau,819,360-3638,"$215,000"
"174 DUFFERIN ROAD UNIT#1|Ottawa, Ontario K1M2A6",3 + 1,3,Nila Matthews,Row / Townhouse,"$849,900",COLDWELL BANKER RHODES & COMPANY,613,761-0617,"$849,900"
"22 Rue des Mélèzes|Val-des-Monts, Quebec J8N7E5",3,3,Eric Boissonneault,House,"$639,000",RE/MAX DIRECT INC.,819,431-4942,"$639,000"
"10 Rue Laprade|Gatineau (Gatineau), Quebec J8P6P1",2,1,Yannick Arseneault,House,"$299,900",RE/MAX VISION,819,360-6967,"$299,900"
"19 Rue Adélard-Hamelin|Gatineau (Buckingham), Quebec J8L0Y8",4,2,Mathieu Arseneault,House,"$379,900",RE/MAX DIRECT INC. - Gatineau,819,664-0629,"$379,900"
"117 Ch. Prud'homme|Cantley, Quebec J8V3C9",4,1,Mélanie Cyr,House,"$574,900",RE/MAX VISION,819,246-0969,"$574,900"
"23 Rue Adélard-Hamelin|Gatineau (Buckingham), Quebec J8L0Y8",4,2,Mathieu Arseneault,House,"$379,900",RE/MAX DIRECT INC. - Gatineau,819,664-0629,"$379,900"
"389 VENDEVALE AVENUE|Stittsville, Ontario K2S0M7",4 + 0,4,Katy Kelly,House,"$849,900",PURPLEBRICKS,855,999-9740,"$849,900"
"240 ONYX CRES|Clarence-Rockland, Ontario K4K0H5",2 + 2,3,JAMES R. TASCA,House,"$649,990",ICI SOURCE REAL ASSET SERVICES INC.,800,253-1787,"$649,990"
"15 Rue D'Orsonnens|Gatineau (Hull), Quebec J8Y6H2",4,2,Stéphane Bisson,House,"$349,000",KELLER WILLIAMS DISTINCTION,819,743-2922,"$349,000"
"Lot 16 MCGUIRE ROAD|Montague, Ontario K7C4P2",3 + 0,2,Rob Anderson,House,"$684,900",RE/MAX AFFILIATES REALTY LTD.,613,229-9800,"$684,900"
"61 NOLANS ROAD|Montague, Ontario K7C4P2",3 + 0,2,Rob Anderson,House,"$884,900",RE/MAX AFFILIATES REALTY LTD.,613,229-9800,"$884,900"
"Lot 11 PERTH ROAD|Montague, Ontario K7C4P2",3 + 0,2,Rob Anderson,House,"$734,900",RE/MAX AFFILIATES REALTY LTD.,613,229-9800,"$734,900"
"Lot 14 MCGUIRE ROAD|Montague, Ontario K7A4S6",3 + 0,2,Rob Anderson,House,"$644,900",RE/MAX AFFILIATES REALTY LTD.,613,229-9800,"$644,900"
"Lot 110 NOLANS ROAD|Montague, Ontario K7C4P2",3 + 0,2,Rob Anderson,House,"$734,900",RE/MAX AFFILIATES REALTY LTD.,613,229-9800,"$734,900"
"Lot 111 NOLANS ROAD|Montague, Ontario K7A4S6",2 + 0,2,Rob Anderson,House,"$734,900",RE/MAX AFFILIATES REALTY LTD.,613,229-9800,"$734,900"
"1480 DEMETER STREET|Orleans, Ontario K4A5C6",3 + 0,4,Jean Guy A. Finnigan,Row / Townhouse,"$569,900",RE/MAX AFFILIATES REALTY LTD.,613,769-2319,"$569,900"
"Lot 17 NOLANS ROAD|Montague, Ontario K7A4S6",3 + 0,2,Rob Anderson,House,"$794,900",RE/MAX AFFILIATES REALTY LTD.,613,229-9800,"$794,900"
"160 BRUYERE STREET UNIT#1|Ottawa, Ontario K1N5E1",1 + 0,1,Oliver Wood,Apartment,"$427,500",GRINDSTONE REALTY INC.,613,261-2087,"$427,500"
"1581 GREY NUNS DRIVE|Ottawa, Ontario K1C2L6",3 + 0,2,Charles Seguin,Row / Townhouse,"$384,900",RE/MAX DELTA REALTY,613,277-8836,"$384,900"
"200 BAY STREET UNIT#1602|Ottawa, Ontario K1R7W8",1 + 0,1,Maria Guimaraes,Apartment,"$310,000",RE/MAX HALLMARK REALTY GROUP,613,282-2629,"$310,000"
"10 QUILL STREET|Ottawa, Ontario K1K1S4",5 + 0,5,Steven Saab,House,"$1,149,000",FIRST CHOICE REALTY ONTARIO LTD.,613,863-5886,"$1,149,000"
"86 Rue Front|#103|Gatineau (Aylmer), Quebec J9H6G1",2,1,Jimmy Arseneault,Apartment,"$169,900",RE/MAX VISION,819,664-7755,"$169,900"
"19 Rue du Conservatoire|#2|Gatineau (Aylmer), Quebec J9J0B5",2,1,Olivier Munyaburanga,Apartment,"$299,900",VIA CAPITALE DIAMANT,819,319-2611,"$299,900"
